Name,Abbreviation,Category,StartDate,Season,CNOrUS,Location,Group,Length,Cost,Bonus,Host,Contact,Note,,,,,,,,,,,,,,,
Future Business Leaders of America-Phi Beta Lambda,FBLA-PBL,__,"2019_______________",__,,__,___,__,"__199RMB______299RMB______150USD",_,Future Business Leaders of America,"021-61990696contact@fbla-china.org",,,,,,,,,,,,,,,,
____________,,__,8_13-15_,__,,,_______,__,_,"__RMB10,000@___RMB5,000@___RMB2,000@_",Deloitte China,8.62161E+11,,,,,,,,,,,,,,,,
_________,,__,,,,__,_______,,,,,,,,,,,,,,,,,,,,,
Computer Science Challenge,,___,,,,,,,,,,,,,,,,,,,,,,,,,,
American Computer Science League,ACSL,___,,,,,,,,,,,,,,,,,,,,,,,,,,
Breakthrough Junior Challenge,,,,,,,,,,,,,,,,,,,,,,,,,,,,
"international Genetically Engineered MachineFoundation",iGEM,__/___,,,,,,,,,,,,,,,,,,,,,,,,,,
Duke startup challenge,,__,,,,__,,,,,,,,,,,,,,,,,,,,,,
"Rice Business Plan Competition",,__,,,,__,,,,,,,,,,,,,,,,,,,,,,
Intel International Science and Engineering Fair ,Intel ISEF,__/___,May 10-15_ 2020,__,,"Anaheim, California",h,__,,,Intel,sciedu@societyforscience.org,https://student.societyforscience.org/ISEF-FAQ,,,,,,,,,,,,,,,
FIRST Tech Challenge,FTC,__/___,,,,,m & h,,,,,,https://www.firstinspires.org/robotics/ftc,,,,,,,,,,,,,,,
FIRST Robotic Competition,FRC,__/___,,,,,,,,,,,https://www.firstinspires.org/robotics/frc,,,,,,,,,,,,,,,
"World Schools Debating Championships",WSDC,___,,,,,,,,,,,,,,,,,,,,,,,,,,
__next idea__________,,__,,,,,,,,,,,,,,,,,,,,,,,,,,
National Speech and Debate Association,NSDA,___,"11-12_______3-4_____________",__,_____,______,m & h,__,275RMB,_,"National speech & Debatee Association",joyofdebate@nsda.cn,http://www.nsda.cn,,,,,,,,,,,,,,,
American Mathematics Competition,AMC,__,__2_,__,_____,______,m & h,__,,_,______MAA,amcinfo@maa.org.,https://www.maa.org/math-competitions,,,,,,,,,,,,,,,
High School Mathematical Contest in Modeling,HiMCM,__,11_6_-11_9______,__,_____,__,h,__,100 USD,_,____________COMAP_,himcm@comap.com,https://www.comap.com/highschool/contests/himcm/himcmpayment.html,,,,,,,,,,,,,,,
The Harvard-MIT Mathematics Tournament,HMMT,__,,,,,,,,,,,,,,,,,,,,,,,,,,
The Scholastic Art & Writing Awards,,__,,,,,,,,,,,,,,,,,,,,,,,,,,
"Quill and Scroll Writing, Photo and Multimedia Contest",,__,,,,,,,,,,,,,,,,,,,,,,,,,,
Imagine Cup - Microsoft,,__/___,,,,,,,,,,,,,,,,,,,,,,,,,,
VEX Robotics – VEX,,__/___,,,,,,,,,,,,,,,,,,,,,,,,,,
Google Global Science Fair,,__/___,September ,__-__,,,m & h,__,,,Google,,https://www.googlesciencefair.com/competition/info,,,,,,,,,,,,,,,
Science Olympiad,,,,,,,,,,,,,,,,,,,,,,,,,,,,
Diamond Challenge,,,,,,,,,,,,,,,,,,,,,,,,,,,,
JAMES DYSON AWARD,,,,,,,,,,,,,,,,,,,,,,,,,,,,
CHI PLAY Student Game Competition,,__,,,,,,,,,,,,,,,,,,,,,,,,,,
Game Development World Championship ,GDWC,__,,,,,,,,,,,,,,,,,,,,,,,,,,
World of Warcraft Student Art Contest,,__,,,,,,,,,,,,,,,,,,,,,,,,,,
Ubisoft GAME LAB COMPETITION,,__,,,,,,,,,,,,,,,,,,,,,,,,,,
Change The Game - Google,,__,,,,,,,,,,,,,,,,,,,,,,,,,,
CBS Finance Competition,,__,,,,,,,,,,,,,,,,,,,,,,,,,,
Credit Swiss HOLT Valuation Challenge,,__,,,,,,,,,,,,,,,,,,,,,,,,,,
KPMG Innovation and Collaboration Challenge,KICC,__,,__,,,c,,,,KPMG,,https://kicc.kpmg.com/landing,,,,,,,,,,,,,,,
Valuation OLYMPIAD,,,,,,,,,,,,,,,,,,,,,,,,,,,,
Financial Modeling World Championships,ModelOFF,__,,,,,,,,,,,,,,,,,,,,,,,,,,
CFA Institute Research Challenge,,__,,,,,,,,,,,,,,,,,,,,,,,,,,
Global Student Challenge,,,,,,,,,,,,,,,,,,,,,,,,,,,,
"InternationalLinguisticsOlympiad",ILO,,,,,,,,,,,,,,,,,,,,,,,,,,,
___________China Adolescents Science and Technology Innovation Contest,CASTIC,__/___,,,,,,,,,,,,,,,,,,,,,,,,,,
__________,ISSDC,__/___,,,,,,,,,,,,,,,,,,,,,,,,,,
Knowledge@Wharton High School,KWHS,,,,,,,,,,,,,,,,,,,,,,,,,,,
Deloitte National Case Competition,,__,,,,,,,,,,,,,,,,,,,,,,,,,,
Harvard International Consulting Competition,HICC,__,,,,,,,,,,,,,,,,,,,,,,,,,,
Harvard / MIT Case Competition,,__,,,,,,,,,,,,,,,,,,,,,,,,,,
GARGOYLE CASE COMPETITION,,__,,,,,,,,,,,,,,,,,,,,,,,,,,
IXL Center Innovation Consulting Competition,,__,,,,,,,,,,,,,,,,,,,,,,,,,,
WUCC Case Competition,,__,,,,,,,,,,,,,,,,,,,,,,,,,,
U.S. National Chemistry Olympiad,,,,,,,,,,,,,,,,,,,,,,,,,,,,
CIMA Global business challenge,,__,,,,,,,,,,,,,,,,,,,,,,,,,,
FDT_________,,__,,,,,,,,,,,,,,,,,,,,,,,,,,
Generation Nano: Superheroes Inspired by Science,,,,,,,,,,,,,,,,,,,,,,,,,,,,
International Chemistry Olympiad,,,,,,,,,,,,,https://student.societyforscience.org/intel-isef,,,,,,,,,,,,,,,
MIT THINK Scholars Program,,,,,,,,,,,,,,,,,,,,,,,,,,,,
Regeneron Science Talent Search,,,,,,,h,,,,,,,,,,,,,,,,,,,,,
SCIENCE OLYMPIAD,,,,,,,m & h,,,,,,,,,,,,,,,,,,,,,
AAN Neuroscience Prizes,,,,,,,h,,,,,,,,,,,,,,,,,,,,,
BioGENEius Challenge,,,,,,,h,,,,,,,,,,,,,,,,,,,,,
Coleopterists Society Youth Incentive Award,,,,,,,m & h,,,,,,,,,,,,,,,,,,,,,
Conrad Challenge,,,August 23 2019,__,,,m & h,,,,Conrad Foundation,281-335-0200,https://www.conradchallenge.org/conrad-challenge,,,,,,,,,,,,,,,
USA Brain Bee,,,,,,,m & h,,,,,,,,,,,,,,,,,,,,,
Junior Science and Humanities Symposia,JSHS ,,,,,,m & h,,,,,,,,,,,,,,,,,,,,,
Envirothon,,__,,__,,,m & h,,,,,,,,,,,,,,,,,,,,,
River of Words Art and Poetry Contest,,__/__,"September 1st 2019USA entries must be postmarked by December 1, 2019International entries must be received by February 1, 2020",__,,,m & h,,,,"Saint Mary's CollegeKalmanovitz School of Education","(925)631-4289 rowinfo@stmarys-ca.edu",https://www.stmarys-ca.edu/center-for-environmental-literacy/river-of-words,,,,,,,,,,,,,,,
Shell Eco-marathon,,__,,,,,h & c,,,,,,https://www.shell.com/make-the-future/shell-ecomarathon/asia/for-asia-participants.html,,,,,,,,,,,,,,,
Stockholm Junior Water Prize,SJWP,,,,,,m & h,,,,Stockholm International Water Institute (SIWI),"SHI Goupengshiguopeng@ceec.cn+86-1084634281",https://www.siwi.org/prizes/stockholmjuniorwaterprize/national-organisers/,,,,,,,,,,,,,,,
Bot Ball,,__/___,,__,,,m & h,__,,,,,https://www.kipr.org/botball/botball-register-a-team,,,,,,,,,,,,,,,
Future Problem Solving Program International,FPSPI,,,,,,,,,,,,https://www.fpspi.org/affiliate-bowl-info/,,,,,,,,,,,,,,,
International Bridge Contest,,__,,__,,__/__,h,__,,,International Bridge Building Committee,"Prof. Carlo Segre segre@iit.eduDr. Yong Maoboreal.mao@gmail.com",http://bridgecontest.phys.iit.edu/,,,,,,,,,,,,,,,
Lemelson-MIT InvenTeams,,,,__,,,m&h,,,,The Lemelson Foundation,,http://lemelson.mit.edu/get-involved,,,,,,,,,,,,,,,
American Mathematical Competition8,AMC8,__,_____11________________________,,__,,__________(______________________________,,,,______MAA,amcinfo@maa.org.,https://www.maa.org/math-competitions,,,,,,,,,,,,,,,
American Mathematical Competition10,AMC0,__,______________,,__,,__10_______(______________AMC8________,,,,______MAA,amcinfo@maa.org.,https://www.maa.org/math-competitions,,,,,,,,,,,,,,,
American Mathematical Competition12,AMC12,__,______________,,__,,__12_______(___________)_____,,,,______MAA,amcinfo@maa.org.,,https://www.maa.org/math-competitions,,,,,,,,,,,,,,
American Invitational Mathematics Examination,AIME,__,___________,,__,,_AMC10_AMC12_____________AMC10 120_____2.5%; AMC12 100_____5%,,,,______MAA,amcinfo@maa.org.,https://www.maa.org/math-competitions,,,,,,,,,,,,,,,
USA(Junior) Mathematics Olympiad,,,,,__,,,,,,,contact@wastudentmath.org,http://www.wastudentmath.org/pages/competitions/usamo.aspx,,,,,,,,,,,,,,,
Harvard-MIT Math Tournament,HMMT,__,11__2___________,,_____,2_________,"____________ _____11 ______6 ____ 2 ______8 ____",,,,_______________,,https://www.hmmt.co/#,,,,,,,,,,,,,,,
High School Mathematical Contest in Modeling,HiMCM,__,_____2019.11.6. ______2__ _____2019.11.6.__3_01,,_____,,,,100____,,____________COMAP_,ulrich.kortenkamp@uni-potsdam.de,https://www.zentralblatt-math.org/matheduc/en/?q=an%3A2003d.03639,,,,,,,,,,,,,,,
Yau Science Awards (Economic and Financial),,______,"_________8_15__9_28_  _________9_28_24:00",,__,,1-3_____________________,,,,________________________________,,,,,,,,,,,,,,,,,
Association of Computational and Mathematical Modeling,AoCMM,____,_______2019_9_30_-10_13_,,_____,,____________________________1_4_20_____________________________,,10 USD_____,,,aocmm_contact@126.com,https://www.aocmm.org,,,,,,,,,,,,,,,
The International Mathematical Modeling Challenge,IMMC/IM2C,____,"_____  _______2019_11_15_  ___2020_1_28_  _____  ________  _______2019_11_16__8__GMT/UTC +8 __  _______2019_1_29__8__GMT/UTC +8 __  _________  _______2019_11_20__8__GMT/UTC +8 __  _______2019_2_2__8__GMT/UTC +8 __  ___________ 2019_3_12__8_-2019_3_17__8__GMT/UTC +8 __  _________  ___2019_11_20__8__GMT/UTC +8 __  ___2020_2_2__8__GMT/UTC +8 __  _________ 2020_3_17__8__GMT/UTC +8 __  ________2020_4_26_-27________  IMMC_____2020_3_11_-5_6_",,_____,,________2-4______________________,,"_____55_________________________________ ____________________50__",,_COMAP____________NeoUnion______________,info@immchallenge.org,http://www.immchallenge.org,,,,,,,,,,,,,,,
Mathematical Contest in Modeling,MCM/ICM,____,"________ MCM/ICM_________2020_1_24_15:00  ___________2020_1_28_21:00  ____Control Sheet_______2020_2_4_  ______________2020_1_24_17:00  2019MCM/ICM_______2020_1_24_17:00-28_20:00  _________2020_4_30_  ____________2020_5_",,_____,,"___________ 1-3_______________",,100__,,_the Consortium for Mathematics and Its Applications__________ _COMAP_____,mcm@comap.com,https://www.comap.com/undergraduate/contests/mcm/contact.php,,,,,,,,,,,,,,,
Euclid Mathematics Contest,,__,"_________2020_3_18__________  _______  _____2020_4_3_  ______2020_4_4_",,,,,,16____+__________,,_________University of Waterloo______,Phone: 519 888 4808,https://www.baidu.com/s?wd=Euclid+Mathematics+Contest&tn=84053098_3_dg&ie=utf-8,,,,,,,,,,,,,,,
Gauss Mathematics Contests,,__,"_________2020_4_26_  _______  ________2020_5_15_ ________2020_5_16_",,__/__,,7-8______,,_____4________________500__________3.5__,,_________University of Waterloo__The Centire for Education in Mathematics and Computing_CEMC___,Phone: 519 888 4808,https://www.cemc.uwaterloo.ca/contests/gauss.html,,,,,,,,,,,,,,,
"Fryer,Galois and Hypatia Mathematics Contests",,__,"_________2020_3_22_ _______ ________2020_4_10_ ________2020_4_11_",,_____,,"Fryer Contest___9________ Galois Contest___10________ Hypatia Contest___11________",,_____10____,,___University of Waterloo_The Centre for Education in Mathematics and Computing_CEMC,Phone: 519 888 4808,https://www.cemc.uwaterloo.ca/contests/fgh.html,,,,,,,,,,,,,,,
Pascal Cayley Fermat,,,"_________2020_2_8_ _______ ________2020_2_26_ ________2020_2_27_",,_____,,"__9-11_______________________________________ Pascal Contest______9________ Cayley Contest_____10________ Fermat Contest______11________",,_____5____,___Fermat Contest__________________200____,_________University of Waterloo_The Centre for Education in Mathematics and Computing_CEMC___,Phone: 519 888 4808,https://www.cemc.uwaterloo.ca/contests/pcf.html,,,,,,,,,,,,,,,
Stanford Math Tournament,SMT,,__2020_3_,,__,Stanford______,San Francisco Bay Area________,,20__,,__________,Phone: 519 888 4808,https://www.cemc.uwaterloo.ca/contests/pcf.html,,,,,,,,,,,,,,,
Yau Science Awards_Mathematics_,,,,,_____,,_______,,,"______15_____ ______10_____ ______6_____ _______3_____",,yauawards@126.com,http://www.yau-awards.org/?xulkha=friwp,,,,,,,,,,,,,,,
United Kingdom Mathematics Trust_British Mathematical Olympiad,UKMT/BMO,,__2019_11_,,,,_____________SMC___________,,___SMC__________________________3_____________,,United Kingdom Mathematics Trust_UKMT________,https://www.ukmt.org.uk/images/template/toplinks/UKMT-email-no-icon.png,https://www.ukmt.org.uk/individual-competitions/british-mathematical-olympiad/,,,,,,,,,,,,,,,
American Regions Mathematics League,ARML,__,2019_10_26___14:00-14:45,,__,,______,,480___,,_________________,,http://www.arml2.com/arml_2019/page/index.php?page_type=public&page=home,,,,,,,,,,,,,,,
Australian Mathematics Competition,AMC,__,___________2019_8_1_ ____________2019_9_8_ 2019_9_21___________,__,________,,________,,200_,,Australian Mathematics Trust_AMT__________,"Phone Within Australia 02 6201 5136  From other countries +61 2 6201 5136  Fax Within Australia 02 6201 5052  From other countries +61 2 6201 5052",https://www.amt.edu.au/,,,,,,,,,,,,,,,
Australian Intermediate Mathematics Olympiad,AIMO,__,"AIMO_____________2019_9_  AIMO_____________2019_8_  AIMO___________2019_9_",__,________,,___10______,,200_,,AMT_________,"Phone Within Australia 02 6201 5136  From other countries +61 2 6201 5136  Fax Within Australia 02 6201 5052  From other countries +61 2 6201 5052",https://www.amt.edu.au/australian-intermediate-mathematics-olympiad/,,,,,,,,,,,,,,,
Computational and Algorithmic Thinking,CAT,__,____________2020 _ 3 _ 29 _ _______2019 _ 4 _,__,__,,5-12______,,200_,,AMT_________,info@seedasdan.org,http://www.seedasdan.org/en/cat/,,,,,,,,,,,,,,,
Hang Lung Mathematics Awards,HLMA,__,"_________2019_6_  _________2020_4_30_  ___________2020_8_31_23:59  _________2020_12_  _______2020_12_",,______,,_____,,,"HK$1,000,000 __+ HK$400,000 scholarships____",Hang Lung Mathematics Awards_____Institute of Mathematical Sciences_____ Department of Mathematics of The Chinese University of Hong Kong_________,exec-hlma@math.cuhk.edu.hk,https://hlma.math.cuhk.edu.hk/,,,,,,,,,,,,,,,
Zoom International Math League,ZIML,__,"______________2020_3_-4_  ___ ___________2020_5_1_-2_  _______2020_8__",__,__,___ ____ ___ __ __ __,4-12__,,___ (____)50_ ___ (____)2500_ ____________,,_Zoom Education Foundation & Resources___2008_____________Areteem Institute__,info@areteem.org,https://ziml.areteem.org/,,,,,,,,,,,,,,,
Princeton University Mathematics Competition,PUMaC,__,"__________ PUMaC Main Competition_____2019_11__ _____ _______2019_9_8_ _______2019_9_22___5:00PM________ _________2019_9_29_____________________ _______2019_10_20____3____ __________________2019_10_27_ ____ _______2019_9_8_ _______2019_9_22___5:00PM________ General Individual Registration____________2019_9_29______________________________________________ Secondary Individual Registration__________2019_10_3___5:00PM _______________2019_10_9_ _______2019_10_20____3____ __________________2019_10_27_",,,,"_______ ___8__________________________________________________20______________________ _______________________20_____________________",,"The Main Competition5_____100______  The Power-Only Competition 5________40______",,___________,pumac@math.princeton.edu,https://pumac.princeton.edu/#index,,,,,,,,,,,,,,,
United States Academic Decathlon,USAD,__,"2020_USAD China___________2020_2_15_-2019_2_18_  2020_USAD National_________2020_4_25_-27_",,__________,,"_______9__________3_Honor_______,3_Scholastic________3_Varsity________________",,"_____3600_  ____ ___ 2400_/_ ___ 2600_/_ ___ 2800_/_",,,info@usad.org,https://www.usad.org,,,,,,,,,,,,,,,
Purple Comet_Math Meet________,_,__,__2020_4_2_-11_,,_____,__,"___________________1_6___________21______________________ ________8__ ________9__ __competitive teams__________ ______________16__ ______________20__",,__,,_____SKT_________,info@purplecomet.org,https://www.purplecomet.org,,,,,,,,,,,,,,,
Duke Math Meet,DMM,__,"________ DMM_______2020_3_1_-4_20_ DMM_______2020_4_28_ DMM___________2020_6_30_ DMM_________7_15_ DMM_______2020_7_15_-19_ DMM___2020_11_3_",,______,__________,19______________________,,______300_/_ _______5380_/_,"_______1___3,000_____2___2,000_____3___1,000____ _______3_________3,000___",_____________________________,,,,,,,,,,,,,,,,,
The Math League,,__,"________2019_9_1_-11_10_  ____________2019_11_24_____________3-12__  ____________2020_1_11_-2_16_____  ___________2020_1_11_ ___________2020_2_16_23_59",,_____,__________________,3-12__,,,,"______ ___“___”(Math League)________________ (Princeton University Mathematics Department) _ _________ (Columbia University Mathematics Department)_ ______ (Williams College) ____ ___ _____ (Stanford University) ___ ________Alphastar Academy__",,,,,,,,,,,,,,,,,
Canadian Open Mathematics Challenge,COMC,__,"COMC____________ __20189_10_26_  COMC__________2019_11_10_",,__,_______,_________,,___480_/_,,_______,,,,,,,,,,,,,,,,,
Canadian Intermediate Mathematics Contests,CIMC,__,"________2019_11_20_ ________2019_11_21_",,_____,,7___12____,,12__,,Waterloo____________________CEMC_,,,,,,,,,,,,,,,,,
Canadian Senior Mathematics Contests,CSMC,__,"________2019_11_20_ ________2019_11_21_",,_____,,7___12____,,12__,,Waterloo____________________CEMC_,,,,,,,,,,,,,,,,,
Physics Bowl,,__,____________2020_3_16_ _____2020_3_30__14:00-14:45 _45___,,__,________,_______,,,,________ASDAN _____,,,,,,,,,,,,,,,,,
Physics Team,,__,,,,,,,,,,,,,,,,,,,,,,,,,,
International Young Physicists’ Tournament,IYPT,__,__2019_12____________2020_7__2021_7_,,__,,CYPT_________________IYPT________,__,___1500__________1500____,,The High School Affiliated to Renmin University of China (RDFZ)__________,,,,,,,,,,,,,,,,,
Princeton University Physics Competition,PUPC,__,_______2019_11_18_14_00-15_30_1.5___ _________2019_11_5______________,,__,___________________________________________,__________________,,,,____________,,,,,,,,,,,,,,,,,
AAPT High School Physics Photo Contest,,__,__________2019_10_1__2020_4_15_______________2020_3_1_-5_15__AAPT____________2020_7_,,__,,8- 12________-_____GCSE1- A2___,,ASDAN_______180_____,______:_________: ______________________________________,________AAPT,,,,,,,,,,,,,,,,,
Yau Science Awards,,__,____: __2020_4_1_-6_30_24:00 ______________: __2020_7_1_-9_15_24:O0 _____:__2020_9_16_-10_31________:__2020_11_1_-7_ ___________: __2020_12_13_-14______________: __2020_12_15_,,,,1-3_____________________(_____________)_________,,,,______________2008___________,,,,,,,,,,,,,,,,,
GCSE &AS Physics Challenge,GCSE & AS__,__,____:__2020_3_9___14:00- 15:00 (60__)_________:__2020_2_25_,,__,,"___________________: 1. GCSE__:_____(9-10_______) __2. AS__:__(11_______)__ 2.__ASDAN___________________",,350_,"______________________________3________________________:  _____:  ___Gold:_________________5%___Silver :_________________15%___Bronze I: _________________30%___Bronze I:_________________40% __________________________________________________________________________________________ _______: ___:_____5%___:_____10%__:_____15% ______:_____30%",_________,,,,,,,,,,,,,,,,,
British Physics Olympiad,BPhO,__,__2019_11_17___:14:00-16:40,,__,,1.______ 2.__ASDAN_____,,,_______________________________3________________________: _____: _____Top Gold :_________________2%___Gold:_________________8%___Silver :_________________15% ___Bronze I:_________________25%___Bronze I:_________________35% __________________________________________________________________________________________ _______: ___:_____5%___:_____10%___:_____15% ______:_____30%,__________ASDAN__________________BPhO________,,,,,,,,,,,,,,,,,
Canadian Association of Physicists High School Prize Exam,CAP Prize Exam,__,_________:__ 2020_3_29_ _______:__ 2020_4_14___9-12_,,__,,1._____ 2._______ASDAN______,,380_,______:__:___5%.__:___10%.__:___15%._____:_____30% _______:____:500______:300______: 200__ _____:__CAP Prize Exam________________________________________________________,_________UBC_______________,,,,,,,,,,,,,,,,,
SIN SIR ISAAC NEWTON EXAM,SIN,__,__2020_5_5_,,__,,_______,,,____: ._____150 ______ _____:_5%_____:_15%_____:_30%,________,,,,,,,,,,,,,,,,,
Big Science Competition,,__,,,,,,,,,,,,,,,,,,,,,,,,,,
USABO USA Biology Olympiad,USABO,__,"_________2020_4_10_ _______2020_4_21_",,_____,,_______,,580___,,__________ASDAN____________ ______ ________ CEE __,,,https://www.usabo-trc.org/,,,,,,,,,,,,,,
U.S. National Chemistry Olympiad,USNCO,__,"________ ______________2020_3_22_ _________2020_4_7_ _________________________2020_1_8__________________ ___________ Local Competition____2020_3_1_-31_ National Exam____2020_4_23_-29_ Study Camp____2020_6_2_-13_ 52th IChO___________2020_7_21_-30___Paris, France__",,_____,,_______,,ASDAN____,,______,service@acs.org,,https://www.acs.org/content/acs/en/education/students/highschool/olympiad/competition.html,,,,,,,,,,,,,,
British Biology Olympiad,BBO,__,"_________2020_4_10_ _______2020_4_21_",,__,,_______,,480___,,Royal Society of Biology_RSB_________,andrew(at)ukbiologycompetitions.org,,http://www.ukbiologycompetitions.org/british-biology-olympiad/,,,,,,,,,,,,,,
International Genetically Engineered Machine Competition,iGEM,______,"________ Early Registration____________2020_2_16_11:59PM EDT  Regular Registration____________2020_3_31_11:59PM EDT  Late Registration___________2020_4_30_11:59PM EDT  Judging Form_______2020_10_15_11:59PM EDT  Registry Part_________2020_10_12_11:59PM EDT  _________DNA parts_______2020_10_12_11:59PM EDT",,,,"________________________________8-10___________Team Roster______ Overgraduate____________2020_3_31____23__ Undergraduate__________2020_3_31____23__ High School______2020_3_31__________2020______",,"Early registration: $4500 USD Regular registration: $5000 USD Late registration: $5500 USD Multiple team discount: a discount of $1000 USD",,MIT____,1.617.500.3106,,http://www.igem.org/Main_Page,,,,,,,,,,,,,,
UK Chemistry Olympiad,UKCHO,__,"_________ _______2019_10_-12_ Round One_ Marking_____2020_1_25_-2_18_ Written Test_____2020_1_14_-24_ Round Two___2020_4__ UK Training Camp___2020_7__ IChO_________2020_7_21_-30_ _________ _____2020_1_12_ ____________2019_12_28_",,_____,,__________,,"____ASDAN___________________ _____________ ASDAN ________________",,Royal Society of Chemistry(RSC)________,,,https://www.rsc.org/campaigning-outreach/outreach/educators/uk-chemistry-olympiad/?id=6279,,,,,,,,,,,,,,
Rising Star China Chemistry Challenge,RSC3,__,"___2019 _ 12 _ 15 _ _______2019_11_30______________ _________ 1 _______________ 2020_ 3 _ 23_ 24 _ _________2019 _ 11 _ 30 _ _____________ _________2020 _ 3 _ 5 _",,_____,,"_________4______ 2-4 _______0-2______ ____AP10________GCSE _ G1/G2 ___IB10 __ ____AP11________ALEVEL _ AS ___IB11 __",,________,,The Royal Society of Chemistry (RSC)________,Email: info@seedasdan.org,,http://www.seedasdan.org/en/rsc3-en/,,,,,,,,,,,,,,
Australian National Chemistry Quiz,ANCQ,__,"2019_6_29__ Sri Lanka ___Vietnam 2019_7_30__Australia, Brunei, China__, Fiji, Hong Kong, Indonesia, Malaysia, New Zealand, Papua New Guinea, Philippines, Singapore, Thailand, Vietnam and Western Samoa. 2019_8_22__India",,"Sri Lanka ___VietnamAustralia, Brunei, China__, Fiji, Hong Kong, Indonesia, Malaysia, New Zealand, Papua New Guinea, Philippines, Singapore, Thailand, Vietnam and Western Samoa.India___Gulf Region",,"Junior_7-8____ Intermediate _9-10____ Senior _11____ Final _12____",,6__+__________120__,,oyal Australian Chemical Institute_RACI_________,ichemc@sltnet.lk,,http://www.ichemc.edu.lk/ichemc/the-australian-national-chemistry-quiz/,,,,,,,,,,,,,,
Yau Science Awards _Chemistry_,,__,"_____2019_4_1_-6_30_24:00 ______________2019_7_1_-9_15_24:00 ______2019_9_16_-10_31_ _______2019_11_1_-7_ ___________2019_12_13_-14_______ _______2019_12_15_",,_____,,1_3_______________________________________________,,,"__________________2,000____________________________1,000_______ _________________ __________________10___ Gold Award______15_______ Silver Award______10_______ Bronze Award______6_______ Honorable Mention_______3_______",,ymsc@tsinghua.edu.cn,,http://msc.tsinghua.edu.cn/article.asp?channel=23&classid=30,,,,,,,,,,,,,,
Canadian Chemistry Contest,CCC,__,"_____20120_4 _20 _ _____2020_ 4 _ 5 _",,,,_______,,,,"_______ (Chemical Institute of Canada , __CIC)",Email: info@seedasdan.org,,http://www.seedasdan.org/en/ccc-en/,,,,,,,,,,,,,,
Yau Science Awards_Biology_,,__,"_____2019_4_1_-6_30_24:00 ______________2019_7_1_-9_15_24:00 ______2019_9_16_-10_31_ _______2019_11_1_-7_ ___________2019_12_13_-14_______ _______2019_12_15_",,_____,,1_3_______________________________________________,,,"__________________2,000____________________________1,000_______ _________________ __________________10___ Gold Award______15_______ Silver Award______10_______ Bronze Award______6_______ Honorable Mention_______3_______",,ymsc@tsinghua.edu.cn,,http://msc.tsinghua.edu.cn/article.asp?channel=23&classid=30,,,,,,,,,,,,,,
International Brain Bee,,_____,"2020____Brain Bee_______2020_2_16-17_ __  2020__Brain Bee________2020_1_5___10:00-11:30  ____________2019_11_30_",,_____,,"____5-12_______________ Brain Be_9-12_______ Brain Bee Junior_5-8______",,______180_/_________560_/_,,,secretariat@ibro.org,,http://ibro.org/international-brain-bee/,,,,,,,,,,,,,,
University of Toronto National Biology Competition,U of T NBC,__,"___________2020_1_22_ ___________2020_3_2_ _______2020_4_26_",,,,9-12_________Quebec____CEGEP_______,,___$7,,_____,biology.competition@utoronto.ca,,http://www.biocomp.utoronto.ca,,,,,,,,,,,,,,
Canadian Biology Olympiad,CBO,__,"_________ Skills Portfolio_____________2020__4_17_23:59  U of T NBC_____2020_4_25_  The National Skills Training Camp________2019_7_  IBO_____2020_7_14_-21_ Sseged",,___,,"__________ ______________Quebec_____CGEP__________ ______2020_1_1_______________________ _______________________ _______2020_7_1______20__ ____________IBO_IBO____________",,,,,admin@canadianbiologyolympiad.ca,,http://www.canadianbiologyolympiad.ca/competition.html,,,,,,,,,,,,,,
BioGENEius Challenges,,__,"At-Large Challenge_____2020_4_1_  Local Challenge_________________  International BioGENEius Challenges_____2020_6_2_-5____",,__,__,"_______________________ _____9-12__________/__/_______________",,,,Biotechnology Industry Organization (BIO)________,info@biotechinstitute.org,,http://www.biotechinstitute.org/go.cfm?do=page.view&pid=89,,,,,,,,,,,,,,
Cambridge Chemistry Challenge,,__,"______ ____2020_6_________  · ______2020_6_12__6_21___________AS_______  · ____50%________2020_6_27__________",,,,______12___6________,,,,,feedback@c3l6.com,,http://www.c3l6.org,,,,,,,,,,,,,,
USA Computing Olympiad,USACO,___&___,,,__,,___,,,,USACO (___________)_____1992______________________________,,,,,,,,,,,,,,,,,
National Olympiad in Informatics,NOI,___&___,______2019_9________2019_10_-11_,,__,,_______,,50-480_,,_____,,,,,,,,,,,,,,,,,
Google Code Jam,,___&___,____2020_3______2020_4_-5_,,_____,,____16____________________________18__,,,"1St Place__ _: $15,000USD_2nd Place___: $2,000USD_3rd Place___: $1,000USD _4th-_5th Place_4, 5_: $100USD _Online Round2__1000_________T___  _Final Round__________Google__________",Google,,,,,,,,,,,,,,,,,
Asia-Pacific Informatics Olympiad,APIO,___&___,,,_____,,______________NOI______,___NOI__________________________: 2019____,2800__,,______________2007___,,,,,,,,,,,,,,,,,
Yau Science Awards,,___&___,,,_____,,,,,,,,,,,,,,,,,,,,,,,
World Robot Olympiad,WRO,___&___,,,_____,2019_11_8_-10____,1.___:__< 13_  2.___:13_≤__<16_3.___: 16_≤__< 20_4.___:10___< 20_5.___:__≥17_  2.________________2-3__________  3.______20___________________________4.____________________,,,,___________,,,,,,,,,,,,,,,,,
FIRST Tech Challenge,FTC,___&___,__2020_5__2021_4_,,_____,,__10+___12-18_____ ____2__________________,,"_______400_______________________ _________ ______  ________275______  ____________________2,250___ __MATRIX_______",,__FIRST______,,,,,,,,,,,,,,,,,
American Computer Science League,ACSL,___&___,__2019_12__2020_6_,,_____,,,,,,,,,,,,,,,,,,,,,,,
Kaggle Competitions,,___&___,,,_____,,1.__________2._________,,,,Kaggle Competitions,,,,,,,,,,,,,,,,,
Topcoder,,___&___,2019__,,_____,,,,,,,,,,,,,,,,,,,,,,,
CODEFORCES,,___&___,2019__,,_____,,,,,,,,,,,,,,,,,,,,,,,
ACM ICPC,,___&___,2019__,,_____,,,,,,,,,,,,,,,,,,,,,,,
Botball Educational Robotics Program,,___&___,__2020_4__7_,,_____,,,,,,MIT___________________,,,,,,,,,,,,,,,,,
RoboRave International,,___&___,__2019_10__2020_2_,,_____,,____,,300-2000,700-2000,2001__25_____________________,,,,,,,,,,,,,,,,,
Canadian Computing Competition,CCC,___&___,__2020_10__2021_2_,,_____,,_____,,8___,,_____________(CEMC).__________,,,,,,,,,,,,,,,,,
MIT Battlecode,,___&___,__2020_1__2020_2_,,_____,,1. 1-4_____2._____________full time students________final tournaments__,,,"$50,000+",________,,,,,,,,,,,,,,,,,
2019 Google Science Fair,,__,2019_9_,,_____,,2018_12_12___13__,,,,Google,,,,,,,,,,,,,,,,,
Intel International Science and Engineering Fair,Intel ISEF,__,,,_____,,,,,$500-75000,,,,,,,,,,,,,,,,,,
2019 YouthMaker Technology& Science Fair,,__,__2020_3__7_,,_____,,"1.12-19___1-2_____  _______________19__,_________2._____________________________",,,_______:_30_ _______:_10_ _____:____ ________________________,,,,,,,,,,,,,,,,,,
Regeneron Science Talent Search,Regeneron STS,__,__2020_6__2021_3_,,_____,,1.________  _______________________________12______________(____) 2.___________________________STS___3._________13_____________4._____5.______,,,$25000-250000,____________________,,,,,,,,,,,,,,,,,
Breakthrough Junior Challenge,,__,__2020_4__2020_7_,,_____,,13-18______,,,"250,000_______",,,,,,,,,,,,,,,,,,
Destination Imagination,DI,__,__2019_8__2020_5_,,_____,,_2-7______1___,,,,,,,,,,,,,,,,,,,,,
2019 Yau Science Awards,,__,,,_____,,,,,3_-15____,,,,,,,,,,,,,,,,,,
2019 The International Exhibition for Young Inventors,,__,__2019_6__2020__,,_____,,1. 6-19________/____________  _____: 6-14______: 15-19_ 2.____________1-3_,,,"__:____10% __:____35% __:____55% ___: 35%,_______",,,,,,,,,,,,,,,,,,
2019 United States Academic Decathlon,USAD,__,__2020_2__4_,,_____,,,,____ 3600__ ____2400_/_2600_/_2800_/_,,,,,,,,,,,,,,,,,,,
National Science Bowl,NSB,__,__2019____2020_4_,,_____,,____,,,,,,,,,,,,,,,,,,,,,
International Space Settlement Design Competition,ISSDC,__,__2020___,,_____,,____,,220__,,,,,,,,,,,,,,,,,,,
International Junior Science Olympiad,JSO,__,__2020___,,_____,,___12_31__16___________________________,,100___,1000-5000___,,,,,,,,,,,,,,,,,,
National Speech and Debate Association,NSDA,_______,"_______  ______________ ___________________2019_11_-12_____2019_3-5____ __________2019_8_ Tournament of Champions China_ TOC__________2019_2_2_-4_ _______  Tournament of Champions_TOC ______________ NSDA________2019_8_ NSDA________2019_7__ NSDA______________",,_____,,___________,,275____,,Bruno Ernst Jacob____,,,,,,,,,,,,,,,,,
National High School Debate League of China,NHSDLC,____,"_____1____2019_2_1_-2_7_  _____1____2019_2_8_-2_14_  _____1____2019_1_25_-1_31_  _____2____2019_2_1_-2_7_  _____________2019_2_7_-2_12_  __________2019_2_14_-2_19_  NHSDLC 2019 ______2019_3_23_-5_26_  NHSDLC 2018 ________2019_7_11_-7_19_  NHSDLC 2018 ________2019_7_24_-8_1_  NHSDLC 2018 ________2019_7_24_-8_2_  NHSDLC 2018 ______  ____2019_7_20_-7_21_____  ____2019_8_3_-8_5_____  ____2019_8_3_-8_5_____",,_____,,______,,,,,,,,,,,,,,,,,,,,,
Havard National High School Invitational Forensics Tournament,,__,,,,,,,"_____ Varsity Policy Debate Teams _____– $180.00 Junior Varsity Policy Debate Teams_______ – $160.00 Public Forum Debate Teams (Junior Varsity & Varsity)_____ — $160.00 Novice Public Forum Teams_______ – $120.00 Lincoln-Douglas Entries__-_____ – $135.00 Individual Speech Events_____ – $70.00 Duo Interpretation Teams_____ – $90.00 Student Congress Entries_____– $90.00 School Account Management fee _______– $75.00",,,,,,,,,,,,,,,,,,,
Cal High School Speech and Debate Tournament,,_____,"_______2020_2_15_-18_  _________2019_10_3_______12:00PM  ________2020_1_10_______11:55PM  ___________2020_1_10_______11:00PM",,__,,,,"School Fee (Mandatory for all schools)– $50 3 day parking pass– $36 Congressional Debate – $65 IE’s (except Duo) – $65 Duo – $70 Varsity Policy – $160 JV Policy – $150 Varsity LD – $135 JV LD – $125 Varsity PF – $160 JV PF – $150 Judge Hire IE (Covers 5 entry’s) – $30 Judge Hire Congressional Debate (Covers 5 entry’s) – $30 Judge Hire Policy (Covers 1 Round owed) – $60 Judge Hire LD/PF (Covers 1 Round Owed) – $50",,,,,,,,,,,,,,,,,,,
Model United Nations,MUN,,,,,,,,,,,,,,,,,,,,,,,,,,,
National Linguistics Olympiad,NOL,___,"_______2018_11_-2019_3_  2019______2019_1_27_-2_1_  NOL______2019_4_6___9:00-12:00  NOL_______5_26_-27___2____  __________2019_6_-7_  ________2019_7_26_-28___  IOL__________2019_7_28_-8_2_________(____)",,______,,_______,,"___500_________ ___700__________",,,,,,,,,,,,,,,,,,,
International Philosophy Olympiad,IPO,____,2020__IPO_____2020_5_16-19_,,___,__,"______________________“either at the time of the competition, or, in countries where the school year ends in December in the year before, or earlier than May the same year, even if they are enrolled at a university at the time of the IPO”___________20_ ________1-2_____________10_____",,,,_FISP__________International Federation of Philosophical Societies__ UNESCO____________,,,,,,,,,,,,,,,,,
New York Times Summer Reading Contest,,__,2019_6_14_-8_23_,,__,__,____________________13-19_________________16-19__,,,,____,,,,,,,,,,,,,,,,,
ohn Locke Essay Competition,,__,,,,,________________18_______________2019_7_31____19_______________________Junior Prize____________________14__,,,,______________John Locke Institute_________________________,,,,,,,,,,,,,,,,,
Red dot design award,,__,,,,,,,"Red Dot Award: Product Design________ ______270__ ______350__ ______450__ ____________ Red Dot Award: Communication Design________ ______195__ ______245__ ______315__ Red Dot Award: Design Concept________ _________________ ___________________110____ ___________________150____ ___________________422___________",,,,,,,,,,,,,,,,,,,
International Design Excellence Awards,IDEA,__,"_____________2020_1_2_  _______2020_3_5_  _______2020_3_6_-2018_3_19_  _________2020_4_18_  ___________2020_6_1_",,,,,,"________________________ _____________________________________",,,,,,,,,,,,,,,,,,,
Scholastic Art&Writing Awards,,_____,2019_______2019_9_12_,,__,,____________________,,,,,,,,,,,,,,,,,,,,,
STEAMworks & STEAM Distribution,,____,____,,,__,__,,,,,,,,,,,,,,,,,,,,,
The National High School Journalism Convention,,__,"Thursday, Nov. 21 Friday, Nov. 22 Saturday, Nov. 23 Sunday, Nov. 24 7:30 a.m.-5 p.m. Media Tours 8:30 a.m.-1:30 p.m. JEA Board Meeting 8:30 a.m.-5 p.m. Pre-convention Workshops 1-7 p.m. Convention Check-in 1-7 p.m. JEA Bookstore 6:30 p.m. First-time Attendee Orientation (Advisers Only) 7:30-9 p.m. Opening Ceremony/Keynote Speaker 9-10:30 p.m. Adviser Kickoff Reception Midnight Convention Curfew 7:30 a.m.-5 p.m. Adviser Hospitality 8 a.m. JEA Membership Meeting 8 a.m. Several Broadcast Write-off Contests Begin 8-10:30 a.m. Write-off Desk Open 8 a.m.-4 p.m. Convention Check-in and JEA Bookstore 9 a.m. Breakout Sessions Begin 9-11 a.m. Break with a Pro Noon-3:30 p.m. On-site Critiques 3:30-6 p.m. CJE/MJE Testing 4-6 p.m. Write-off Contests 4 p.m. NSPA Best of Show Deadline 6 p.m. Write-off Judging and Dinner 6-8 p.m. Pizza Party 8:30-10:30 p.m. Student Swap Shops 8:30-11 p.m. Adviser Reception/SPLC Auction 8:30-11 p.m. Student Movie Night Midnight Convention Curfew 7:30 a.m.-noon Adviser Hospitality 8 a.m. Breakout Sessions Begin 8-11 a.m. JEA Bookstore 8 a.m.-1 p.m. Convention Check-in 9-11 a.m. On-site Critiques Noon-2:20 p.m. Adviser Awards Luncheon 3:30-6 p.m. NSPA Awards Ceremony (includes Best of Show, Pacemakers and Individual Awards) 8-9:30 p.m. Student Trivia Midnight Convention Curfew 8:30-10:30 a.m. JEA Awards Ceremony (includes Write-off results)",,_____,,,,,,the Journalism Education Association(JEA)____________the National Scholastic Press Association (NSPA)________,,,,,,,,,,,,,,,,,
Future Business Leaders of America-Phi Beta Lambda – National Leadership Conference,,__,"_______2018_9__10_  __________2018_10__2019_2_  ___________2019_3_  _____________2019_4_  ________2019_6_29_-7_2_____San Antonio______",,_____,____San Antonio______,_________3___,,________299_,,,,,,,,,,,,,,,,,,,
Wharton KWHS Investment Competition,KWHS,__,"_______ _______2019_8_6_  _______2019_9_16_  OTIS_______2019_10_1_  ___________2019_11_5_  OTIS_______2019_12_7_  ___________2019_12_17_  __________2020_1_11_  _____Region 1______ :2020_3_2_  ________Region 3____2020_3_16_  ________2020_5_3_-4_",,,__,9-12__________,,__,,,,,,,,,,,,,,,,,,,
Students for the Advancement of Global Entrepreneurship,SAGE,__,,,__,___,_____3_13-19______1________,,,,,,,,,,,,,,,,,,,,,
The Diamond Challenge,,__,"_________2019_8_31_  _________2019_12_30_11:59pm EST",,_____,,9-12___14-18___________________,,__,,,,,,,,,,,,,,,,,,,
China Thinks Big,CTB,_______,"_______2019_9__2019_2_  _________2019_10_15_ _________2019_11_15_ _______________2019_12_3_ _____________2020_2_4_ _______2019_2_5_-12__2019_1_______  _______2019_3_3_-4__2019_3_10_-11_  ___________2019_4_",,,,,,,,,,,,,,,,,,,,,,,,,
Ideas for Action,14A,__,__2020_2_,,_____,,18_35____,,,,_________________________________,,,,,,,,,,,,,,,,,
Model Entrepreneur Competition,ME,__,,,_____,,9- 12_____________5-8_,,400_/_(VFA Club__310_/_),,__________VFA (The Venture ForAllR)____Wold lournal SE 1C________,,,,,,,,,,,,,,,,,
National Economics Challenge,NEC,__,__2019_9__2020_5_,,_____,,,,,,,,,,,,,,,,,,,,,,,
International Economics Olympiad,IEO,__,__2020_5__8_,,_____,,_____________20__,,,,,,,,,,,,,,,,,,,,,
MIT LaunchX,,__,__2020_3__7_,,_____,,___,,,,,,,,,,,,,,,,,,,,,
,,__,,,_____,,,,,,,,,,,,,,,,,,,,,,,
,,__,,,_____,,,,,,,,,,,,,,,,,,,,,,,
,,,,,_____,,,,,,,,,,,,,,,,,,,,,,,
,,,,,,,,,,,,,,,,,,,,,,,,,,,,
,,,,,,,,,,,,,,,,,,,,,,,,,,,,
,,,,,,,,,,,,,,,,,,,,,,,,,,,,
,,,,,,,,,,,,,,,,,,,,,,,,,,,,
,,,,,,,,,,,,,,,,,,,,,,,,,,,,
,,,,,,,,,,,,,,,,,,,,,,,,,,,,
,,,,,,,,,,,,,,,,,,,,,,,,,,,,
,,,,,,,,,,,,,,,,,,,,,,,,,,,,
,,,,,,,,,,,,,,,,,,,,,,,,,,,,
,,,,,,,,,,,,,,,,,,,,,,,,,,,,
,,,,,,,,,,,,,,,,,,,,,,,,,,,,
,,,,,,,,,,,,,,,,,,,,,,,,,,,,
,,,,,,,,,,,,,,,,,,,,,,,,,,,,
,,,,,,,,,,,,,,,,,,,,,,,,,,,,
,,,,,,,,,,,,,,,,,,,,,,,,,,,,
,,,,,,,,,,,,,,,,,,,,,,,,,,,,
,,,,,,,,,,,,,,,,,,,,,,,,,,,,
,,,,,,,,,,,,,,,,,,,,,,,,,,,,
,,,,,,,,,,,,,,,,,,,,,,,,,,,,
,,,,,,,,,,,,,,,,,,,,,,,,,,,,
,,,,,,,,,,,,,,,,,,,,,,,,,,,,
,,,,,,,,,,,,,,,,,,,,,,,,,,,,
,,,,,,,,,,,,,,,,,,,,,,,,,,,,
,,,,,,,,,,,,,,,,,,,,,,,,,,,,
,,,,,,,,,,,,,,,,,,,,,,,,,,,,
,,,,,,,,,,,,,,,,,,,,,,,,,,,,
,,,,,,,,,,,,,,,,,,,,,,,,,,,,
,,,,,,,,,,,,,,,,,,,,,,,,,,,,
,,,,,,,,,,,,,,,,,,,,,,,,,,,,
,,,,,,,,,,,,,,,,,,,,,,,,,,,,
,,,,,,,,,,,,,,,,,,,,,,,,,,,,
,,,,,,,,,,,,,,,,,,,,,,,,,,,,
,,,,,,,,,,,,,,,,,,,,,,,,,,,,
,,,,,,,,,,,,,,,,,,,,,,,,,,,,
,,,,,,,,,,,,,,,,,,,,,,,,,,,,
,,,,,,,,,,,,,,,,,,,,,,,,,,,,
,,,,,,,,,,,,,,,,,,,,,,,,,,,,
,,,,,,,,,,,,,,,,,,,,,,,,,,,,
,,,,,,,,,,,,,,,,,,,,,,,,,,,,
,,,,,,,,,,,,,,,,,,,,,,,,,,,,
,,,,,,,,,,,,,,,,,,,,,,,,,,,,
,,,,,,,,,,,,,,,,,,,,,,,,,,,,
,,,,,,,,,,,,,,,,,,,,,,,,,,,,
,,,,,,,,,,,,,,,,,,,,,,,,,,,,
,,,,,,,,,,,,,,,,,,,,,,,,,,,,
,,,,,,,,,,,,,,,,,,,,,,,,,,,,
,,,,,,,,,,,,,,,,,,,,,,,,,,,,
,,,,,,,,,,,,,,,,,,,,,,,,,,,,
,,,,,,,,,,,,,,,,,,,,,,,,,,,,
,,,,,,,,,,,,,,,,,,,,,,,,,,,,
,,,,,,,,,,,,,,,,,,,,,,,,,,,,
,,,,,,,,,,,,,,,,,,,,,,,,,,,,
,,,,,,,,,,,,,,,,,,,,,,,,,,,,
,,,,,,,,,,,,,,,,,,,,,,,,,,,,
,,,,,,,,,,,,,,,,,,,,,,,,,,,,
,,,,,,,,,,,,,,,,,,,,,,,,,,,,
,,,,,,,,,,,,,,,,,,,,,,,,,,,,
,,,,,,,,,,,,,,,,,,,,,,,,,,,,
,,,,,,,,,,,,,,,,,,,,,,,,,,,,
,,,,,,,,,,,,,,,,,,,,,,,,,,,,
,,,,,,,,,,,,,,,,,,,,,,,,,,,,
,,,,,,,,,,,,,,,,,,,,,,,,,,,,
,,,,,,,,,,,,,,,,,,,,,,,,,,,,
,,,,,,,,,,,,,,,,,,,,,,,,,,,,
,,,,,,,,,,,,,,,,,,,,,,,,,,,,
,,,,,,,,,,,,,,,,,,,,,,,,,,,,
,,,,,,,,,,,,,,,,,,,,,,,,,,,,
,,,,,,,,,,,,,,,,,,,,,,,,,,,,
,,,,,,,,,,,,,,,,,,,,,,,,,,,,
,,,,,,,,,,,,,,,,,,,,,,,,,,,,
,,,,,,,,,,,,,,,,,,,,,,,,,,,,
,,,,,,,,,,,,,,,,,,,,,,,,,,,,
,,,,,,,,,,,,,,,,,,,,,,,,,,,,
,,,,,,,,,,,,,,,,,,,,,,,,,,,,
,,,,,,,,,,,,,,,,,,,,,,,,,,,,
,,,,,,,,,,,,,,,,,,,,,,,,,,,,
,,,,,,,,,,,,,,,,,,,,,,,,,,,,
,,,,,,,,,,,,,,,,,,,,,,,,,,,,
,,,,,,,,,,,,,,,,,,,,,,,,,,,,
,,,,,,,,,,,,,,,,,,,,,,,,,,,,
,,,,,,,,,,,,,,,,,,,,,,,,,,,,
,,,,,,,,,,,,,,,,,,,,,,,,,,,,
,,,,,,,,,,,,,,,,,,,,,,,,,,,,
,,,,,,,,,,,,,,,,,,,,,,,,,,,,
,,,,,,,,,,,,,,,,,,,,,,,,,,,,
,,,,,,,,,,,,,,,,,,,,,,,,,,,,
,,,,,,,,,,,,,,,,,,,,,,,,,,,,
,,,,,,,,,,,,,,,,,,,,,,,,,,,,
,,,,,,,,,,,,,,,,,,,,,,,,,,,,
,,,,,,,,,,,,,,,,,,,,,,,,,,,,
,,,,,,,,,,,,,,,,,,,,,,,,,,,,
,,,,,,,,,,,,,,,,,,,,,,,,,,,,
,,,,,,,,,,,,,,,,,,,,,,,,,,,,
,,,,,,,,,,,,,,,,,,,,,,,,,,,,
,,,,,,,,,,,,,,,,,,,,,,,,,,,,
,,,,,,,,,,,,,,,,,,,,,,,,,,,,
,,,,,,,,,,,,,,,,,,,,,,,,,,,,
,,,,,,,,,,,,,,,,,,,,,,,,,,,,
,,,,,,,,,,,,,,,,,,,,,,,,,,,,
,,,,,,,,,,,,,,,,,,,,,,,,,,,,
,,,,,,,,,,,,,,,,,,,,,,,,,,,,
,,,,,,,,,,,,,,,,,,,,,,,,,,,,
,,,,,,,,,,,,,,,,,,,,,,,,,,,,
,,,,,,,,,,,,,,,,,,,,,,,,,,,,
,,,,,,,,,,,,,,,,,,,,,,,,,,,,
,,,,,,,,,,,,,,,,,,,,,,,,,,,,
,,,,,,,,,,,,,,,,,,,,,,,,,,,,
,,,,,,,,,,,,,,,,,,,,,,,,,,,,
,,,,,,,,,,,,,,,,,,,,,,,,,,,,
,,,,,,,,,,,,,,,,,,,,,,,,,,,,
,,,,,,,,,,,,,,,,,,,,,,,,,,,,
,,,,,,,,,,,,,,,,,,,,,,,,,,,,
,,,,,,,,,,,,,,,,,,,,,,,,,,,,
,,,,,,,,,,,,,,,,,,,,,,,,,,,,
,,,,,,,,,,,,,,,,,,,,,,,,,,,,
,,,,,,,,,,,,,,,,,,,,,,,,,,,,
,,,,,,,,,,,,,,,,,,,,,,,,,,,,
,,,,,,,,,,,,,,,,,,,,,,,,,,,,
,,,,,,,,,,,,,,,,,,,,,,,,,,,,
,,,,,,,,,,,,,,,,,,,,,,,,,,,,
,,,,,,,,,,,,,,,,,,,,,,,,,,,,
,,,,,,,,,,,,,,,,,,,,,,,,,,,,
,,,,,,,,,,,,,,,,,,,,,,,,,,,,
,,,,,,,,,,,,,,,,,,,,,,,,,,,,
,,,,,,,,,,,,,,,,,,,,,,,,,,,,
,,,,,,,,,,,,,,,,,,,,,,,,,,,,
,,,,,,,,,,,,,,,,,,,,,,,,,,,,
,,,,,,,,,,,,,,,,,,,,,,,,,,,,
,,,,,,,,,,,,,,,,,,,,,,,,,,,,
,,,,,,,,,,,,,,,,,,,,,,,,,,,,
,,,,,,,,,,,,,,,,,,,,,,,,,,,,
,,,,,,,,,,,,,,,,,,,,,,,,,,,,
,,,,,,,,,,,,,,,,,,,,,,,,,,,,
,,,,,,,,,,,,,,,,,,,,,,,,,,,,
,,,,,,,,,,,,,,,,,,,,,,,,,,,,
,,,,,,,,,,,,,,,,,,,,,,,,,,,,
,,,,,,,,,,,,,,,,,,,,,,,,,,,,
,,,,,,,,,,,,,,,,,,,,,,,,,,,,
,,,,,,,,,,,,,,,,,,,,,,,,,,,,
,,,,,,,,,,,,,,,,,,,,,,,,,,,,
,,,,,,,,,,,,,,,,,,,,,,,,,,,,
,,,,,,,,,,,,,,,,,,,,,,,,,,,,
,,,,,,,,,,,,,,,,,,,,,,,,,,,,
,,,,,,,,,,,,,,,,,,,,,,,,,,,,
,,,,,,,,,,,,,,,,,,,,,,,,,,,,
,,,,,,,,,,,,,,,,,,,,,,,,,,,,
,,,,,,,,,,,,,,,,,,,,,,,,,,,,
,,,,,,,,,,,,,,,,,,,,,,,,,,,,
,,,,,,,,,,,,,,,,,,,,,,,,,,,,
,,,,,,,,,,,,,,,,,,,,,,,,,,,,
,,,,,,,,,,,,,,,,,,,,,,,,,,,,
,,,,,,,,,,,,,,,,,,,,,,,,,,,,
,,,,,,,,,,,,,,,,,,,,,,,,,,,,
,,,,,,,,,,,,,,,,,,,,,,,,,,,,
,,,,,,,,,,,,,,,,,,,,,,,,,,,,
,,,,,,,,,,,,,,,,,,,,,,,,,,,,
,,,,,,,,,,,,,,,,,,,,,,,,,,,,
,,,,,,,,,,,,,,,,,,,,,,,,,,,,
,,,,,,,,,,,,,,,,,,,,,,,,,,,,
,,,,,,,,,,,,,,,,,,,,,,,,,,,,
,,,,,,,,,,,,,,,,,,,,,,,,,,,,
,,,,,,,,,,,,,,,,,,,,,,,,,,,,
,,,,,,,,,,,,,,,,,,,,,,,,,,,,
,,,,,,,,,,,,,,,,,,,,,,,,,,,,
,,,,,,,,,,,,,,,,,,,,,,,,,,,,
,,,,,,,,,,,,,,,,,,,,,,,,,,,,
,,,,,,,,,,,,,,,,,,,,,,,,,,,,
,,,,,,,,,,,,,,,,,,,,,,,,,,,,
,,,,,,,,,,,,,,,,,,,,,,,,,,,,
,,,,,,,,,,,,,,,,,,,,,,,,,,,,
,,,,,,,,,,,,,,,,,,,,,,,,,,,,
,,,,,,,,,,,,,,,,,,,,,,,,,,,,
,,,,,,,,,,,,,,,,,,,,,,,,,,,,
,,,,,,,,,,,,,,,,,,,,,,,,,,,,
,,,,,,,,,,,,,,,,,,,,,,,,,,,,
,,,,,,,,,,,,,,,,,,,,,,,,,,,,
,,,,,,,,,,,,,,,,,,,,,,,,,,,,
,,,,,,,,,,,,,,,,,,,,,,,,,,,,
,,,,,,,,,,,,,,,,,,,,,,,,,,,,
,,,,,,,,,,,,,,,,,,,,,,,,,,,,
,,,,,,,,,,,,,,,,,,,,,,,,,,,,
,,,,,,,,,,,,,,,,,,,,,,,,,,,,
,,,,,,,,,,,,,,,,,,,,,,,,,,,,
,,,,,,,,,,,,,,,,,,,,,,,,,,,,
,,,,,,,,,,,,,,,,,,,,,,,,,,,,
,,,,,,,,,,,,,,,,,,,,,,,,,,,,
,,,,,,,,,,,,,,,,,,,,,,,,,,,,
,,,,,,,,,,,,,,,,,,,,,,,,,,,,
,,,,,,,,,,,,,,,,,,,,,,,,,,,,
,,,,,,,,,,,,,,,,,,,,,,,,,,,,
,,,,,,,,,,,,,,,,,,,,,,,,,,,,
,,,,,,,,,,,,,,,,,,,,,,,,,,,,
,,,,,,,,,,,,,,,,,,,,,,,,,,,,
,,,,,,,,,,,,,,,,,,,,,,,,,,,,
,,,,,,,,,,,,,,,,,,,,,,,,,,,,
,,,,,,,,,,,,,,,,,,,,,,,,,,,,
,,,,,,,,,,,,,,,,,,,,,,,,,,,,
,,,,,,,,,,,,,,,,,,,,,,,,,,,,
,,,,,,,,,,,,,,,,,,,,,,,,,,,,
,,,,,,,,,,,,,,,,,,,,,,,,,,,,
,,,,,,,,,,,,,,,,,,,,,,,,,,,,
,,,,,,,,,,,,,,,,,,,,,,,,,,,,
,,,,,,,,,,,,,,,,,,,,,,,,,,,,
,,,,,,,,,,,,,,,,,,,,,,,,,,,,
,,,,,,,,,,,,,,,,,,,,,,,,,,,,
,,,,,,,,,,,,,,,,,,,,,,,,,,,,
,,,,,,,,,,,,,,,,,,,,,,,,,,,,
,,,,,,,,,,,,,,,,,,,,,,,,,,,,
,,,,,,,,,,,,,,,,,,,,,,,,,,,,
,,,,,,,,,,,,,,,,,,,,,,,,,,,,
,,,,,,,,,,,,,,,,,,,,,,,,,,,,
,,,,,,,,,,,,,,,,,,,,,,,,,,,,
,,,,,,,,,,,,,,,,,,,,,,,,,,,,
,,,,,,,,,,,,,,,,,,,,,,,,,,,,
,,,,,,,,,,,,,,,,,,,,,,,,,,,,
,,,,,,,,,,,,,,,,,,,,,,,,,,,,
,,,,,,,,,,,,,,,,,,,,,,,,,,,,
,,,,,,,,,,,,,,,,,,,,,,,,,,,,
,,,,,,,,,,,,,,,,,,,,,,,,,,,,
,,,,,,,,,,,,,,,,,,,,,,,,,,,,
,,,,,,,,,,,,,,,,,,,,,,,,,,,,
,,,,,,,,,,,,,,,,,,,,,,,,,,,,
,,,,,,,,,,,,,,,,,,,,,,,,,,,,
,,,,,,,,,,,,,,,,,,,,,,,,,,,,
,,,,,,,,,,,,,,,,,,,,,,,,,,,,
,,,,,,,,,,,,,,,,,,,,,,,,,,,,
,,,,,,,,,,,,,,,,,,,,,,,,,,,,
,,,,,,,,,,,,,,,,,,,,,,,,,,,,
,,,,,,,,,,,,,,,,,,,,,,,,,,,,
,,,,,,,,,,,,,,,,,,,,,,,,,,,,
,,,,,,,,,,,,,,,,,,,,,,,,,,,,
,,,,,,,,,,,,,,,,,,,,,,,,,,,,
,,,,,,,,,,,,,,,,,,,,,,,,,,,,
,,,,,,,,,,,,,,,,,,,,,,,,,,,,
,,,,,,,,,,,,,,,,,,,,,,,,,,,,
,,,,,,,,,,,,,,,,,,,,,,,,,,,,
,,,,,,,,,,,,,,,,,,,,,,,,,,,,
,,,,,,,,,,,,,,,,,,,,,,,,,,,,
,,,,,,,,,,,,,,,,,,,,,,,,,,,,
,,,,,,,,,,,,,,,,,,,,,,,,,,,,
,,,,,,,,,,,,,,,,,,,,,,,,,,,,
,,,,,,,,,,,,,,,,,,,,,,,,,,,,
,,,,,,,,,,,,,,,,,,,,,,,,,,,,
,,,,,,,,,,,,,,,,,,,,,,,,,,,,
,,,,,,,,,,,,,,,,,,,,,,,,,,,,
,,,,,,,,,,,,,,,,,,,,,,,,,,,,
,,,,,,,,,,,,,,,,,,,,,,,,,,,,
,,,,,,,,,,,,,,,,,,,,,,,,,,,,
,,,,,,,,,,,,,,,,,,,,,,,,,,,,
,,,,,,,,,,,,,,,,,,,,,,,,,,,,
,,,,,,,,,,,,,,,,,,,,,,,,,,,,
,,,,,,,,,,,,,,,,,,,,,,,,,,,,
,,,,,,,,,,,,,,,,,,,,,,,,,,,,
,,,,,,,,,,,,,,,,,,,,,,,,,,,,
,,,,,,,,,,,,,,,,,,,,,,,,,,,,
,,,,,,,,,,,,,,,,,,,,,,,,,,,,
,,,,,,,,,,,,,,,,,,,,,,,,,,,,
,,,,,,,,,,,,,,,,,,,,,,,,,,,,
,,,,,,,,,,,,,,,,,,,,,,,,,,,,
,,,,,,,,,,,,,,,,,,,,,,,,,,,,
,,,,,,,,,,,,,,,,,,,,,,,,,,,,
,,,,,,,,,,,,,,,,,,,,,,,,,,,,
,,,,,,,,,,,,,,,,,,,,,,,,,,,,
,,,,,,,,,,,,,,,,,,,,,,,,,,,,
,,,,,,,,,,,,,,,,,,,,,,,,,,,,
,,,,,,,,,,,,,,,,,,,,,,,,,,,,
,,,,,,,,,,,,,,,,,,,,,,,,,,,,
,,,,,,,,,,,,,,,,,,,,,,,,,,,,
,,,,,,,,,,,,,,,,,,,,,,,,,,,,
,,,,,,,,,,,,,,,,,,,,,,,,,,,,
,,,,,,,,,,,,,,,,,,,,,,,,,,,,
,,,,,,,,,,,,,,,,,,,,,,,,,,,,
,,,,,,,,,,,,,,,,,,,,,,,,,,,,
,,,,,,,,,,,,,,,,,,,,,,,,,,,,
,,,,,,,,,,,,,,,,,,,,,,,,,,,,
,,,,,,,,,,,,,,,,,,,,,,,,,,,,
,,,,,,,,,,,,,,,,,,,,,,,,,,,,
,,,,,,,,,,,,,,,,,,,,,,,,,,,,
,,,,,,,,,,,,,,,,,,,,,,,,,,,,
,,,,,,,,,,,,,,,,,,,,,,,,,,,,
,,,,,,,,,,,,,,,,,,,,,,,,,,,,
,,,,,,,,,,,,,,,,,,,,,,,,,,,,
,,,,,,,,,,,,,,,,,,,,,,,,,,,,
,,,,,,,,,,,,,,,,,,,,,,,,,,,,
,,,,,,,,,,,,,,,,,,,,,,,,,,,,
,,,,,,,,,,,,,,,,,,,,,,,,,,,,
,,,,,,,,,,,,,,,,,,,,,,,,,,,,
,,,,,,,,,,,,,,,,,,,,,,,,,,,,
,,,,,,,,,,,,,,,,,,,,,,,,,,,,
,,,,,,,,,,,,,,,,,,,,,,,,,,,,
,,,,,,,,,,,,,,,,,,,,,,,,,,,,
,,,,,,,,,,,,,,,,,,,,,,,,,,,,
,,,,,,,,,,,,,,,,,,,,,,,,,,,,
,,,,,,,,,,,,,,,,,,,,,,,,,,,,
,,,,,,,,,,,,,,,,,,,,,,,,,,,,
,,,,,,,,,,,,,,,,,,,,,,,,,,,,
,,,,,,,,,,,,,,,,,,,,,,,,,,,,
,,,,,,,,,,,,,,,,,,,,,,,,,,,,
,,,,,,,,,,,,,,,,,,,,,,,,,,,,
,,,,,,,,,,,,,,,,,,,,,,,,,,,,
,,,,,,,,,,,,,,,,,,,,,,,,,,,,
,,,,,,,,,,,,,,,,,,,,,,,,,,,,
,,,,,,,,,,,,,,,,,,,,,,,,,,,,
,,,,,,,,,,,,,,,,,,,,,,,,,,,,
,,,,,,,,,,,,,,,,,,,,,,,,,,,,
,,,,,,,,,,,,,,,,,,,,,,,,,,,,
,,,,,,,,,,,,,,,,,,,,,,,,,,,,
,,,,,,,,,,,,,,,,,,,,,,,,,,,,
,,,,,,,,,,,,,,,,,,,,,,,,,,,,
,,,,,,,,,,,,,,,,,,,,,,,,,,,,
,,,,,,,,,,,,,,,,,,,,,,,,,,,,
,,,,,,,,,,,,,,,,,,,,,,,,,,,,
,,,,,,,,,,,,,,,,,,,,,,,,,,,,
,,,,,,,,,,,,,,,,,,,,,,,,,,,,
,,,,,,,,,,,,,,,,,,,,,,,,,,,,
,,,,,,,,,,,,,,,,,,,,,,,,,,,,
,,,,,,,,,,,,,,,,,,,,,,,,,,,,
,,,,,,,,,,,,,,,,,,,,,,,,,,,,
,,,,,,,,,,,,,,,,,,,,,,,,,,,,
,,,,,,,,,,,,,,,,,,,,,,,,,,,,
,,,,,,,,,,,,,,,,,,,,,,,,,,,,
,,,,,,,,,,,,,,,,,,,,,,,,,,,,
,,,,,,,,,,,,,,,,,,,,,,,,,,,,
,,,,,,,,,,,,,,,,,,,,,,,,,,,,
,,,,,,,,,,,,,,,,,,,,,,,,,,,,
,,,,,,,,,,,,,,,,,,,,,,,,,,,,
,,,,,,,,,,,,,,,,,,,,,,,,,,,,
,,,,,,,,,,,,,,,,,,,,,,,,,,,,
,,,,,,,,,,,,,,,,,,,,,,,,,,,,
,,,,,,,,,,,,,,,,,,,,,,,,,,,,
,,,,,,,,,,,,,,,,,,,,,,,,,,,,
,,,,,,,,,,,,,,,,,,,,,,,,,,,,
,,,,,,,,,,,,,,,,,,,,,,,,,,,,
,,,,,,,,,,,,,,,,,,,,,,,,,,,,
,,,,,,,,,,,,,,,,,,,,,,,,,,,,
,,,,,,,,,,,,,,,,,,,,,,,,,,,,
,,,,,,,,,,,,,,,,,,,,,,,,,,,,
,,,,,,,,,,,,,,,,,,,,,,,,,,,,
,,,,,,,,,,,,,,,,,,,,,,,,,,,,
,,,,,,,,,,,,,,,,,,,,,,,,,,,,
,,,,,,,,,,,,,,,,,,,,,,,,,,,,
,,,,,,,,,,,,,,,,,,,,,,,,,,,,
,,,,,,,,,,,,,,,,,,,,,,,,,,,,
,,,,,,,,,,,,,,,,,,,,,,,,,,,,
,,,,,,,,,,,,,,,,,,,,,,,,,,,,
,,,,,,,,,,,,,,,,,,,,,,,,,,,,
,,,,,,,,,,,,,,,,,,,,,,,,,,,,
,,,,,,,,,,,,,,,,,,,,,,,,,,,,
,,,,,,,,,,,,,,,,,,,,,,,,,,,,
,,,,,,,,,,,,,,,,,,,,,,,,,,,,
,,,,,,,,,,,,,,,,,,,,,,,,,,,,
,,,,,,,,,,,,,,,,,,,,,,,,,,,,
,,,,,,,,,,,,,,,,,,,,,,,,,,,,
,,,,,,,,,,,,,,,,,,,,,,,,,,,,
,,,,,,,,,,,,,,,,,,,,,,,,,,,,
,,,,,,,,,,,,,,,,,,,,,,,,,,,,
,,,,,,,,,,,,,,,,,,,,,,,,,,,,
,,,,,,,,,,,,,,,,,,,,,,,,,,,,
,,,,,,,,,,,,,,,,,,,,,,,,,,,,
,,,,,,,,,,,,,,,,,,,,,,,,,,,,
,,,,,,,,,,,,,,,,,,,,,,,,,,,,
,,,,,,,,,,,,,,,,,,,,,,,,,,,,
,,,,,,,,,,,,,,,,,,,,,,,,,,,,
,,,,,,,,,,,,,,,,,,,,,,,,,,,,
,,,,,,,,,,,,,,,,,,,,,,,,,,,,
,,,,,,,,,,,,,,,,,,,,,,,,,,,,
,,,,,,,,,,,,,,,,,,,,,,,,,,,,
,,,,,,,,,,,,,,,,,,,,,,,,,,,,
,,,,,,,,,,,,,,,,,,,,,,,,,,,,
,,,,,,,,,,,,,,,,,,,,,,,,,,,,
,,,,,,,,,,,,,,,,,,,,,,,,,,,,
,,,,,,,,,,,,,,,,,,,,,,,,,,,,
,,,,,,,,,,,,,,,,,,,,,,,,,,,,
,,,,,,,,,,,,,,,,,,,,,,,,,,,,
,,,,,,,,,,,,,,,,,,,,,,,,,,,,
,,,,,,,,,,,,,,,,,,,,,,,,,,,,
,,,,,,,,,,,,,,,,,,,,,,,,,,,,
,,,,,,,,,,,,,,,,,,,,,,,,,,,,
,,,,,,,,,,,,,,,,,,,,,,,,,,,,
,,,,,,,,,,,,,,,,,,,,,,,,,,,,
,,,,,,,,,,,,,,,,,,,,,,,,,,,,
,,,,,,,,,,,,,,,,,,,,,,,,,,,,
,,,,,,,,,,,,,,,,,,,,,,,,,,,,
,,,,,,,,,,,,,,,,,,,,,,,,,,,,
,,,,,,,,,,,,,,,,,,,,,,,,,,,,
,,,,,,,,,,,,,,,,,,,,,,,,,,,,
,,,,,,,,,,,,,,,,,,,,,,,,,,,,
,,,,,,,,,,,,,,,,,,,,,,,,,,,,
,,,,,,,,,,,,,,,,,,,,,,,,,,,,
,,,,,,,,,,,,,,,,,,,,,,,,,,,,
,,,,,,,,,,,,,,,,,,,,,,,,,,,,
,,,,,,,,,,,,,,,,,,,,,,,,,,,,
,,,,,,,,,,,,,,,,,,,,,,,,,,,,
,,,,,,,,,,,,,,,,,,,,,,,,,,,,
,,,,,,,,,,,,,,,,,,,,,,,,,,,,
,,,,,,,,,,,,,,,,,,,,,,,,,,,,
,,,,,,,,,,,,,,,,,,,,,,,,,,,,
,,,,,,,,,,,,,,,,,,,,,,,,,,,,
,,,,,,,,,,,,,,,,,,,,,,,,,,,,
,,,,,,,,,,,,,,,,,,,,,,,,,,,,
,,,,,,,,,,,,,,,,,,,,,,,,,,,,
,,,,,,,,,,,,,,,,,,,,,,,,,,,,
,,,,,,,,,,,,,,,,,,,,,,,,,,,,
,,,,,,,,,,,,,,,,,,,,,,,,,,,,
,,,,,,,,,,,,,,,,,,,,,,,,,,,,
,,,,,,,,,,,,,,,,,,,,,,,,,,,,
,,,,,,,,,,,,,,,,,,,,,,,,,,,,
,,,,,,,,,,,,,,,,,,,,,,,,,,,,
,,,,,,,,,,,,,,,,,,,,,,,,,,,,
,,,,,,,,,,,,,,,,,,,,,,,,,,,,
,,,,,,,,,,,,,,,,,,,,,,,,,,,,
,,,,,,,,,,,,,,,,,,,,,,,,,,,,
,,,,,,,,,,,,,,,,,,,,,,,,,,,,
,,,,,,,,,,,,,,,,,,,,,,,,,,,,
,,,,,,,,,,,,,,,,,,,,,,,,,,,,
,,,,,,,,,,,,,,,,,,,,,,,,,,,,
,,,,,,,,,,,,,,,,,,,,,,,,,,,,
,,,,,,,,,,,,,,,,,,,,,,,,,,,,
,,,,,,,,,,,,,,,,,,,,,,,,,,,,
,,,,,,,,,,,,,,,,,,,,,,,,,,,,
,,,,,,,,,,,,,,,,,,,,,,,,,,,,
,,,,,,,,,,,,,,,,,,,,,,,,,,,,
,,,,,,,,,,,,,,,,,,,,,,,,,,,,
,,,,,,,,,,,,,,,,,,,,,,,,,,,,
,,,,,,,,,,,,,,,,,,,,,,,,,,,,
,,,,,,,,,,,,,,,,,,,,,,,,,,,,
,,,,,,,,,,,,,,,,,,,,,,,,,,,,
,,,,,,,,,,,,,,,,,,,,,,,,,,,,
,,,,,,,,,,,,,,,,,,,,,,,,,,,,
,,,,,,,,,,,,,,,,,,,,,,,,,,,,
,,,,,,,,,,,,,,,,,,,,,,,,,,,,
,,,,,,,,,,,,,,,,,,,,,,,,,,,,
,,,,,,,,,,,,,,,,,,,,,,,,,,,,
,,,,,,,,,,,,,,,,,,,,,,,,,,,,
,,,,,,,,,,,,,,,,,,,,,,,,,,,,
,,,,,,,,,,,,,,,,,,,,,,,,,,,,
,,,,,,,,,,,,,,,,,,,,,,,,,,,,
,,,,,,,,,,,,,,,,,,,,,,,,,,,,
,,,,,,,,,,,,,,,,,,,,,,,,,,,,
,,,,,,,,,,,,,,,,,,,,,,,,,,,,
,,,,,,,,,,,,,,,,,,,,,,,,,,,,
,,,,,,,,,,,,,,,,,,,,,,,,,,,,
,,,,,,,,,,,,,,,,,,,,,,,,,,,,
,,,,,,,,,,,,,,,,,,,,,,,,,,,,
,,,,,,,,,,,,,,,,,,,,,,,,,,,,
,,,,,,,,,,,,,,,,,,,,,,,,,,,,
,,,,,,,,,,,,,,,,,,,,,,,,,,,,
,,,,,,,,,,,,,,,,,,,,,,,,,,,,
,,,,,,,,,,,,,,,,,,,,,,,,,,,,
,,,,,,,,,,,,,,,,,,,,,,,,,,,,
,,,,,,,,,,,,,,,,,,,,,,,,,,,,
,,,,,,,,,,,,,,,,,,,,,,,,,,,,
,,,,,,,,,,,,,,,,,,,,,,,,,,,,
,,,,,,,,,,,,,,,,,,,,,,,,,,,,
,,,,,,,,,,,,,,,,,,,,,,,,,,,,
,,,,,,,,,,,,,,,,,,,,,,,,,,,,
,,,,,,,,,,,,,,,,,,,,,,,,,,,,
,,,,,,,,,,,,,,,,,,,,,,,,,,,,
,,,,,,,,,,,,,,,,,,,,,,,,,,,,
,,,,,,,,,,,,,,,,,,,,,,,,,,,,
,,,,,,,,,,,,,,,,,,,,,,,,,,,,
,,,,,,,,,,,,,,,,,,,,,,,,,,,,
,,,,,,,,,,,,,,,,,,,,,,,,,,,,
,,,,,,,,,,,,,,,,,,,,,,,,,,,,
,,,,,,,,,,,,,,,,,,,,,,,,,,,,
,,,,,,,,,,,,,,,,,,,,,,,,,,,,
,,,,,,,,,,,,,,,,,,,,,,,,,,,,
,,,,,,,,,,,,,,,,,,,,,,,,,,,,
,,,,,,,,,,,,,,,,,,,,,,,,,,,,
,,,,,,,,,,,,,,,,,,,,,,,,,,,,
,,,,,,,,,,,,,,,,,,,,,,,,,,,,
,,,,,,,,,,,,,,,,,,,,,,,,,,,,
,,,,,,,,,,,,,,,,,,,,,,,,,,,,
,,,,,,,,,,,,,,,,,,,,,,,,,,,,
,,,,,,,,,,,,,,,,,,,,,,,,,,,,
,,,,,,,,,,,,,,,,,,,,,,,,,,,,
,,,,,,,,,,,,,,,,,,,,,,,,,,,,
,,,,,,,,,,,,,,,,,,,,,,,,,,,,
,,,,,,,,,,,,,,,,,,,,,,,,,,,,
,,,,,,,,,,,,,,,,,,,,,,,,,,,,
,,,,,,,,,,,,,,,,,,,,,,,,,,,,
,,,,,,,,,,,,,,,,,,,,,,,,,,,,
,,,,,,,,,,,,,,,,,,,,,,,,,,,,
,,,,,,,,,,,,,,,,,,,,,,,,,,,,
,,,,,,,,,,,,,,,,,,,,,,,,,,,,
,,,,,,,,,,,,,,,,,,,,,,,,,,,,
,,,,,,,,,,,,,,,,,,,,,,,,,,,,
,,,,,,,,,,,,,,,,,,,,,,,,,,,,
,,,,,,,,,,,,,,,,,,,,,,,,,,,,
,,,,,,,,,,,,,,,,,,,,,,,,,,,,
,,,,,,,,,,,,,,,,,,,,,,,,,,,,
,,,,,,,,,,,,,,,,,,,,,,,,,,,,
,,,,,,,,,,,,,,,,,,,,,,,,,,,,
,,,,,,,,,,,,,,,,,,,,,,,,,,,,
,,,,,,,,,,,,,,,,,,,,,,,,,,,,
,,,,,,,,,,,,,,,,,,,,,,,,,,,,
,,,,,,,,,,,,,,,,,,,,,,,,,,,,
,,,,,,,,,,,,,,,,,,,,,,,,,,,,
,,,,,,,,,,,,,,,,,,,,,,,,,,,,
,,,,,,,,,,,,,,,,,,,,,,,,,,,,
,,,,,,,,,,,,,,,,,,,,,,,,,,,,
,,,,,,,,,,,,,,,,,,,,,,,,,,,,
,,,,,,,,,,,,,,,,,,,,,,,,,,,,
,,,,,,,,,,,,,,,,,,,,,,,,,,,,
,,,,,,,,,,,,,,,,,,,,,,,,,,,,
,,,,,,,,,,,,,,,,,,,,,,,,,,,,
,,,,,,,,,,,,,,,,,,,,,,,,,,,,
,,,,,,,,,,,,,,,,,,,,,,,,,,,,
,,,,,,,,,,,,,,,,,,,,,,,,,,,,
,,,,,,,,,,,,,,,,,,,,,,,,,,,,
,,,,,,,,,,,,,,,,,,,,,,,,,,,,
,,,,,,,,,,,,,,,,,,,,,,,,,,,,
,,,,,,,,,,,,,,,,,,,,,,,,,,,,
,,,,,,,,,,,,,,,,,,,,,,,,,,,,
,,,,,,,,,,,,,,,,,,,,,,,,,,,,
,,,,,,,,,,,,,,,,,,,,,,,,,,,,
,,,,,,,,,,,,,,,,,,,,,,,,,,,,
,,,,,,,,,,,,,,,,,,,,,,,,,,,,
,,,,,,,,,,,,,,,,,,,,,,,,,,,,
,,,,,,,,,,,,,,,,,,,,,,,,,,,,
,,,,,,,,,,,,,,,,,,,,,,,,,,,,
,,,,,,,,,,,,,,,,,,,,,,,,,,,,
,,,,,,,,,,,,,,,,,,,,,,,,,,,,
,,,,,,,,,,,,,,,,,,,,,,,,,,,,
,,,,,,,,,,,,,,,,,,,,,,,,,,,,
,,,,,,,,,,,,,,,,,,,,,,,,,,,,
,,,,,,,,,,,,,,,,,,,,,,,,,,,,
,,,,,,,,,,,,,,,,,,,,,,,,,,,,
,,,,,,,,,,,,,,,,,,,,,,,,,,,,
,,,,,,,,,,,,,,,,,,,,,,,,,,,,
,,,,,,,,,,,,,,,,,,,,,,,,,,,,
,,,,,,,,,,,,,,,,,,,,,,,,,,,,
,,,,,,,,,,,,,,,,,,,,,,,,,,,,
,,,,,,,,,,,,,,,,,,,,,,,,,,,,
,,,,,,,,,,,,,,,,,,,,,,,,,,,,
,,,,,,,,,,,,,,,,,,,,,,,,,,,,
,,,,,,,,,,,,,,,,,,,,,,,,,,,,
,,,,,,,,,,,,,,,,,,,,,,,,,,,,
,,,,,,,,,,,,,,,,,,,,,,,,,,,,
,,,,,,,,,,,,,,,,,,,,,,,,,,,,
,,,,,,,,,,,,,,,,,,,,,,,,,,,,
,,,,,,,,,,,,,,,,,,,,,,,,,,,,
,,,,,,,,,,,,,,,,,,,,,,,,,,,,
,,,,,,,,,,,,,,,,,,,,,,,,,,,,
,,,,,,,,,,,,,,,,,,,,,,,,,,,,
,,,,,,,,,,,,,,,,,,,,,,,,,,,,
,,,,,,,,,,,,,,,,,,,,,,,,,,,,
,,,,,,,,,,,,,,,,,,,,,,,,,,,,
,,,,,,,,,,,,,,,,,,,,,,,,,,,,
,,,,,,,,,,,,,,,,,,,,,,,,,,,,
,,,,,,,,,,,,,,,,,,,,,,,,,,,,
,,,,,,,,,,,,,,,,,,,,,,,,,,,,
,,,,,,,,,,,,,,,,,,,,,,,,,,,,
,,,,,,,,,,,,,,,,,,,,,,,,,,,,
,,,,,,,,,,,,,,,,,,,,,,,,,,,,
,,,,,,,,,,,,,,,,,,,,,,,,,,,,
,,,,,,,,,,,,,,,,,,,,,,,,,,,,
,,,,,,,,,,,,,,,,,,,,,,,,,,,,
,,,,,,,,,,,,,,,,,,,,,,,,,,,,
,,,,,,,,,,,,,,,,,,,,,,,,,,,,
,,,,,,,,,,,,,,,,,,,,,,,,,,,,
,,,,,,,,,,,,,,,,,,,,,,,,,,,,
,,,,,,,,,,,,,,,,,,,,,,,,,,,,
,,,,,,,,,,,,,,,,,,,,,,,,,,,,
,,,,,,,,,,,,,,,,,,,,,,,,,,,,
,,,,,,,,,,,,,,,,,,,,,,,,,,,,
,,,,,,,,,,,,,,,,,,,,,,,,,,,,
,,,,,,,,,,,,,,,,,,,,,,,,,,,,
,,,,,,,,,,,,,,,,,,,,,,,,,,,,
,,,,,,,,,,,,,,,,,,,,,,,,,,,,
,,,,,,,,,,,,,,,,,,,,,,,,,,,,
,,,,,,,,,,,,,,,,,,,,,,,,,,,,
,,,,,,,,,,,,,,,,,,,,,,,,,,,,
,,,,,,,,,,,,,,,,,,,,,,,,,,,,
,,,,,,,,,,,,,,,,,,,,,,,,,,,,
,,,,,,,,,,,,,,,,,,,,,,,,,,,,
,,,,,,,,,,,,,,,,,,,,,,,,,,,,
,,,,,,,,,,,,,,,,,,,,,,,,,,,,
,,,,,,,,,,,,,,,,,,,,,,,,,,,,
,,,,,,,,,,,,,,,,,,,,,,,,,,,,
,,,,,,,,,,,,,,,,,,,,,,,,,,,,
,,,,,,,,,,,,,,,,,,,,,,,,,,,,
,,,,,,,,,,,,,,,,,,,,,,,,,,,,
,,,,,,,,,,,,,,,,,,,,,,,,,,,,
,,,,,,,,,,,,,,,,,,,,,,,,,,,,
,,,,,,,,,,,,,,,,,,,,,,,,,,,,
,,,,,,,,,,,,,,,,,,,,,,,,,,,,
,,,,,,,,,,,,,,,,,,,,,,,,,,,,
,,,,,,,,,,,,,,,,,,,,,,,,,,,,
,,,,,,,,,,,,,,,,,,,,,,,,,,,,
,,,,,,,,,,,,,,,,,,,,,,,,,,,,
,,,,,,,,,,,,,,,,,,,,,,,,,,,,
,,,,,,,,,,,,,,,,,,,,,,,,,,,,
,,,,,,,,,,,,,,,,,,,,,,,,,,,,
,,,,,,,,,,,,,,,,,,,,,,,,,,,,
,,,,,,,,,,,,,,,,,,,,,,,,,,,,
,,,,,,,,,,,,,,,,,,,,,,,,,,,,
,,,,,,,,,,,,,,,,,,,,,,,,,,,,
,,,,,,,,,,,,,,,,,,,,,,,,,,,,
,,,,,,,,,,,,,,,,,,,,,,,,,,,,
,,,,,,,,,,,,,,,,,,,,,,,,,,,,
,,,,,,,,,,,,,,,,,,,,,,,,,,,,
,,,,,,,,,,,,,,,,,,,,,,,,,,,,
,,,,,,,,,,,,,,,,,,,,,,,,,,,,
,,,,,,,,,,,,,,,,,,,,,,,,,,,,
,,,,,,,,,,,,,,,,,,,,,,,,,,,,
,,,,,,,,,,,,,,,,,,,,,,,,,,,,
,,,,,,,,,,,,,,,,,,,,,,,,,,,,
,,,,,,,,,,,,,,,,,,,,,,,,,,,,
,,,,,,,,,,,,,,,,,,,,,,,,,,,,
,,,,,,,,,,,,,,,,,,,,,,,,,,,,
,,,,,,,,,,,,,,,,,,,,,,,,,,,,
,,,,,,,,,,,,,,,,,,,,,,,,,,,,
,,,,,,,,,,,,,,,,,,,,,,,,,,,,
,,,,,,,,,,,,,,,,,,,,,,,,,,,,
,,,,,,,,,,,,,,,,,,,,,,,,,,,,
,,,,,,,,,,,,,,,,,,,,,,,,,,,,
,,,,,,,,,,,,,,,,,,,,,,,,,,,,
,,,,,,,,,,,,,,,,,,,,,,,,,,,,
,,,,,,,,,,,,,,,,,,,,,,,,,,,,
,,,,,,,,,,,,,,,,,,,,,,,,,,,,
,,,,,,,,,,,,,,,,,,,,,,,,,,,,
,,,,,,,,,,,,,,,,,,,,,,,,,,,,
,,,,,,,,,,,,,,,,,,,,,,,,,,,,
,,,,,,,,,,,,,,,,,,,,,,,,,,,,
,,,,,,,,,,,,,,,,,,,,,,,,,,,,
,,,,,,,,,,,,,,,,,,,,,,,,,,,,
,,,,,,,,,,,,,,,,,,,,,,,,,,,,
,,,,,,,,,,,,,,,,,,,,,,,,,,,,
,,,,,,,,,,,,,,,,,,,,,,,,,,,,
,,,,,,,,,,,,,,,,,,,,,,,,,,,,
,,,,,,,,,,,,,,,,,,,,,,,,,,,,
,,,,,,,,,,,,,,,,,,,,,,,,,,,,
,,,,,,,,,,,,,,,,,,,,,,,,,,,,
,,,,,,,,,,,,,,,,,,,,,,,,,,,,
,,,,,,,,,,,,,,,,,,,,,,,,,,,,
,,,,,,,,,,,,,,,,,,,,,,,,,,,,
,,,,,,,,,,,,,,,,,,,,,,,,,,,,
,,,,,,,,,,,,,,,,,,,,,,,,,,,,
,,,,,,,,,,,,,,,,,,,,,,,,,,,,
,,,,,,,,,,,,,,,,,,,,,,,,,,,,
,,,,,,,,,,,,,,,,,,,,,,,,,,,,
,,,,,,,,,,,,,,,,,,,,,,,,,,,,
,,,,,,,,,,,,,,,,,,,,,,,,,,,,
,,,,,,,,,,,,,,,,,,,,,,,,,,,,
,,,,,,,,,,,,,,,,,,,,,,,,,,,,
,,,,,,,,,,,,,,,,,,,,,,,,,,,,
,,,,,,,,,,,,,,,,,,,,,,,,,,,,
,,,,,,,,,,,,,,,,,,,,,,,,,,,,
,,,,,,,,,,,,,,,,,,,,,,,,,,,,
,,,,,,,,,,,,,,,,,,,,,,,,,,,,
,,,,,,,,,,,,,,,,,,,,,,,,,,,,
,,,,,,,,,,,,,,,,,,,,,,,,,,,,
,,,,,,,,,,,,,,,,,,,,,,,,,,,,
,,,,,,,,,,,,,,,,,,,,,,,,,,,,
,,,,,,,,,,,,,,,,,,,,,,,,,,,,
,,,,,,,,,,,,,,,,,,,,,,,,,,,,
,,,,,,,,,,,,,,,,,,,,,,,,,,,,
,,,,,,,,,,,,,,,,,,,,,,,,,,,,
,,,,,,,,,,,,,,,,,,,,,,,,,,,,
,,,,,,,,,,,,,,,,,,,,,,,,,,,,
,,,,,,,,,,,,,,,,,,,,,,,,,,,,
,,,,,,,,,,,,,,,,,,,,,,,,,,,,
,,,,,,,,,,,,,,,,,,,,,,,,,,,,
,,,,,,,,,,,,,,,,,,,,,,,,,,,,
,,,,,,,,,,,,,,,,,,,,,,,,,,,,
,,,,,,,,,,,,,,,,,,,,,,,,,,,,
,,,,,,,,,,,,,,,,,,,,,,,,,,,,
,,,,,,,,,,,,,,,,,,,,,,,,,,,,
,,,,,,,,,,,,,,,,,,,,,,,,,,,,
,,,,,,,,,,,,,,,,,,,,,,,,,,,,
,,,,,,,,,,,,,,,,,,,,,,,,,,,,
,,,,,,,,,,,,,,,,,,,,,,,,,,,,
,,,,,,,,,,,,,,,,,,,,,,,,,,,,
,,,,,,,,,,,,,,,,,,,,,,,,,,,,
,,,,,,,,,,,,,,,,,,,,,,,,,,,,
,,,,,,,,,,,,,,,,,,,,,,,,,,,,
,,,,,,,,,,,,,,,,,,,,,,,,,,,,
,,,,,,,,,,,,,,,,,,,,,,,,,,,,
,,,,,,,,,,,,,,,,,,,,,,,,,,,,
,,,,,,,,,,,,,,,,,,,,,,,,,,,,
,,,,,,,,,,,,,,,,,,,,,,,,,,,,
,,,,,,,,,,,,,,,,,,,,,,,,,,,,
,,,,,,,,,,,,,,,,,,,,,,,,,,,,
,,,,,,,,,,,,,,,,,,,,,,,,,,,,
,,,,,,,,,,,,,,,,,,,,,,,,,,,,
,,,,,,,,,,,,,,,,,,,,,,,,,,,,
,,,,,,,,,,,,,,,,,,,,,,,,,,,,
,,,,,,,,,,,,,,,,,,,,,,,,,,,,
,,,,,,,,,,,,,,,,,,,,,,,,,,,,
,,,,,,,,,,,,,,,,,,,,,,,,,,,,
,,,,,,,,,,,,,,,,,,,,,,,,,,,,
,,,,,,,,,,,,,,,,,,,,,,,,,,,,
,,,,,,,,,,,,,,,,,,,,,,,,,,,,
,,,,,,,,,,,,,,,,,,,,,,,,,,,,
,,,,,,,,,,,,,,,,,,,,,,,,,,,,
,,,,,,,,,,,,,,,,,,,,,,,,,,,,
,,,,,,,,,,,,,,,,,,,,,,,,,,,,
,,,,,,,,,,,,,,,,,,,,,,,,,,,,
,,,,,,,,,,,,,,,,,,,,,,,,,,,,
,,,,,,,,,,,,,,,,,,,,,,,,,,,,
,,,,,,,,,,,,,,,,,,,,,,,,,,,,
,,,,,,,,,,,,,,,,,,,,,,,,,,,,
,,,,,,,,,,,,,,,,,,,,,,,,,,,,
,,,,,,,,,,,,,,,,,,,,,,,,,,,,
,,,,,,,,,,,,,,,,,,,,,,,,,,,,
,,,,,,,,,,,,,,,,,,,,,,,,,,,,
,,,,,,,,,,,,,,,,,,,,,,,,,,,,
,,,,,,,,,,,,,,,,,,,,,,,,,,,,
,,,,,,,,,,,,,,,,,,,,,,,,,,,,
,,,,,,,,,,,,,,,,,,,,,,,,,,,,
,,,,,,,,,,,,,,,,,,,,,,,,,,,,
,,,,,,,,,,,,,,,,,,,,,,,,,,,,
,,,,,,,,,,,,,,,,,,,,,,,,,,,,
,,,,,,,,,,,,,,,,,,,,,,,,,,,,
,,,,,,,,,,,,,,,,,,,,,,,,,,,,
,,,,,,,,,,,,,,,,,,,,,,,,,,,,
,,,,,,,,,,,,,,,,,,,,,,,,,,,,
,,,,,,,,,,,,,,,,,,,,,,,,,,,,
,,,,,,,,,,,,,,,,,,,,,,,,,,,,
,,,,,,,,,,,,,,,,,,,,,,,,,,,,
,,,,,,,,,,,,,,,,,,,,,,,,,,,,
,,,,,,,,,,,,,,,,,,,,,,,,,,,,
,,,,,,,,,,,,,,,,,,,,,,,,,,,,
,,,,,,,,,,,,,,,,,,,,,,,,,,,,
,,,,,,,,,,,,,,,,,,,,,,,,,,,,
,,,,,,,,,,,,,,,,,,,,,,,,,,,,
,,,,,,,,,,,,,,,,,,,,,,,,,,,,
,,,,,,,,,,,,,,,,,,,,,,,,,,,,
,,,,,,,,,,,,,,,,,,,,,,,,,,,,
,,,,,,,,,,,,,,,,,,,,,,,,,,,,
,,,,,,,,,,,,,,,,,,,,,,,,,,,,
,,,,,,,,,,,,,,,,,,,,,,,,,,,,
,,,,,,,,,,,,,,,,,,,,,,,,,,,,
,,,,,,,,,,,,,,,,,,,,,,,,,,,,
,,,,,,,,,,,,,,,,,,,,,,,,,,,,
,,,,,,,,,,,,,,,,,,,,,,,,,,,,
,,,,,,,,,,,,,,,,,,,,,,,,,,,,
,,,,,,,,,,,,,,,,,,,,,,,,,,,,
,,,,,,,,,,,,,,,,,,,,,,,,,,,,
,,,,,,,,,,,,,,,,,,,,,,,,,,,,
,,,,,,,,,,,,,,,,,,,,,,,,,,,,
,,,,,,,,,,,,,,,,,,,,,,,,,,,,
,,,,,,,,,,,,,,,,,,,,,,,,,,,,
,,,,,,,,,,,,,,,,,,,,,,,,,,,,
,,,,,,,,,,,,,,,,,,,,,,,,,,,,
,,,,,,,,,,,,,,,,,,,,,,,,,,,,
,,,,,,,,,,,,,,,,,,,,,,,,,,,,
,,,,,,,,,,,,,,,,,,,,,,,,,,,,
,,,,,,,,,,,,,,,,,,,,,,,,,,,,
,,,,,,,,,,,,,,,,,,,,,,,,,,,,
,,,,,,,,,,,,,,,,,,,,,,,,,,,,
,,,,,,,,,,,,,,,,,,,,,,,,,,,,
,,,,,,,,,,,,,,,,,,,,,,,,,,,,
,,,,,,,,,,,,,,,,,,,,,,,,,,,,
,,,,,,,,,,,,,,,,,,,,,,,,,,,,
,,,,,,,,,,,,,,,,,,,,,,,,,,,,
,,,,,,,,,,,,,,,,,,,,,,,,,,,,
,,,,,,,,,,,,,,,,,,,,,,,,,,,,
,,,,,,,,,,,,,,,,,,,,,,,,,,,,
,,,,,,,,,,,,,,,,,,,,,,,,,,,,
,,,,,,,,,,,,,,,,,,,,,,,,,,,,
,,,,,,,,,,,,,,,,,,,,,,,,,,,,
,,,,,,,,,,,,,,,,,,,,,,,,,,,,
,,,,,,,,,,,,,,,,,,,,,,,,,,,,
,,,,,,,,,,,,,,,,,,,,,,,,,,,,
,,,,,,,,,,,,,,,,,,,,,,,,,,,,
,,,,,,,,,,,,,,,,,,,,,,,,,,,,
,,,,,,,,,,,,,,,,,,,,,,,,,,,,
,,,,,,,,,,,,,,,,,,,,,,,,,,,,
,,,,,,,,,,,,,,,,,,,,,,,,,,,,
,,,,,,,,,,,,,,,,,,,,,,,,,,,,
,,,,,,,,,,,,,,,,,,,,,,,,,,,,
,,,,,,,,,,,,,,,,,,,,,,,,,,,,
,,,,,,,,,,,,,,,,,,,,,,,,,,,,
,,,,,,,,,,,,,,,,,,,,,,,,,,,,
,,,,,,,,,,,,,,,,,,,,,,,,,,,,
,,,,,,,,,,,,,,,,,,,,,,,,,,,,
,,,,,,,,,,,,,,,,,,,,,,,,,,,,
,,,,,,,,,,,,,,,,,,,,,,,,,,,,
,,,,,,,,,,,,,,,,,,,,,,,,,,,,
,,,,,,,,,,,,,,,,,,,,,,,,,,,,
,,,,,,,,,,,,,,,,,,,,,,,,,,,,
,,,,,,,,,,,,,,,,,,,,,,,,,,,,
,,,,,,,,,,,,,,,,,,,,,,,,,,,,
,,,,,,,,,,,,,,,,,,,,,,,,,,,,
,,,,,,,,,,,,,,,,,,,,,,,,,,,,
,,,,,,,,,,,,,,,,,,,,,,,,,,,,
,,,,,,,,,,,,,,,,,,,,,,,,,,,,
,,,,,,,,,,,,,,,,,,,,,,,,,,,,
,,,,,,,,,,,,,,,,,,,,,,,,,,,,
,,,,,,,,,,,,,,,,,,,,,,,,,,,,
,,,,,,,,,,,,,,,,,,,,,,,,,,,,
,,,,,,,,,,,,,,,,,,,,,,,,,,,,
,,,,,,,,,,,,,,,,,,,,,,,,,,,,
,,,,,,,,,,,,,,,,,,,,,,,,,,,,
,,,,,,,,,,,,,,,,,,,,,,,,,,,,
,,,,,,,,,,,,,,,,,,,,,,,,,,,,
,,,,,,,,,,,,,,,,,,,,,,,,,,,,
,,,,,,,,,,,,,,,,,,,,,,,,,,,,
,,,,,,,,,,,,,,,,,,,,,,,,,,,,
,,,,,,,,,,,,,,,,,,,,,,,,,,,,
,,,,,,,,,,,,,,,,,,,,,,,,,,,,
,,,,,,,,,,,,,,,,,,,,,,,,,,,,
,,,,,,,,,,,,,,,,,,,,,,,,,,,,
,,,,,,,,,,,,,,,,,,,,,,,,,,,,
,,,,,,,,,,,,,,,,,,,,,,,,,,,,
,,,,,,,,,,,,,,,,,,,,,,,,,,,,
,,,,,,,,,,,,,,,,,,,,,,,,,,,,
,,,,,,,,,,,,,,,,,,,,,,,,,,,,
,,,,,,,,,,,,,,,,,,,,,,,,,,,,
,,,,,,,,,,,,,,,,,,,,,,,,,,,,
,,,,,,,,,,,,,,,,,,,,,,,,,,,,
,,,,,,,,,,,,,,,,,,,,,,,,,,,,
,,,,,,,,,,,,,,,,,,,,,,,,,,,,